date,precipitation,temp_max,temp_min,wind,weather,year,dayOfYear,cumulativePrecipitationByYear
2012-01-01,0.0,12.8,5.0,4.7,drizzle,2012,1,0.0
2012-01-02,10.9,10.6,2.8,4.5,rain,2012,2,10.9
2012-01-03,0.8,11.7,7.2,2.3,rain,2012,3,11.700000000000001
2012-01-04,20.3,12.2,5.6,4.7,rain,2012,4,32.0
2012-01-05,1.3,8.9,2.8,6.1,rain,2012,5,33.3
2012-01-06,2.5,4.4,2.2,2.2,rain,2012,6,35.8
2012-01-07,0.0,7.2,2.8,2.3,rain,2012,7,35.8
2012-01-08,0.0,10.0,2.8,2.0,sun,2012,8,35.8
2012-01-09,4.3,9.4,5.0,3.4,rain,2012,9,40.099999999999994
2012-01-10,1.0,6.1,0.6,3.4,rain,2012,10,41.099999999999994
2012-01-11,0.0,6.1,-1.1,5.1,sun,2012,11,41.099999999999994
2012-01-12,0.0,6.1,-1.7,1.9,sun,2012,12,41.099999999999994
2012-01-13,0.0,5.0,-2.8,1.3,sun,2012,13,41.099999999999994
2012-01-14,4.1,4.4,0.6,5.3,snow,2012,14,45.199999999999996
2012-01-15,5.3,1.1,-3.3,3.2,snow,2012,15,50.49999999999999
2012-01-16,2.5,1.7,-2.8,5.0,snow,2012,16,52.99999999999999
2012-01-17,8.1,3.3,0.0,5.6,snow,2012,17,61.099999999999994
2012-01-18,19.8,0.0,-2.8,5.0,snow,2012,18,80.89999999999999
2012-01-19,15.2,-1.1,-2.8,1.6,snow,2012,19,96.1
2012-01-20,13.5,7.2,-1.1,2.3,snow,2012,20,109.6
2012-01-21,3.0,8.3,3.3,8.2,rain,2012,21,112.6
2012-01-22,6.1,6.7,2.2,4.8,rain,2012,22,118.69999999999999
2012-01-23,0.0,8.3,1.1,3.6,rain,2012,23,118.69999999999999
2012-01-24,8.6,10.0,2.2,5.1,rain,2012,24,127.29999999999998
2012-01-25,8.1,8.9,4.4,5.4,rain,2012,25,135.39999999999998
2012-01-26,4.8,8.9,1.1,4.8,rain,2012,26,140.2
2012-01-27,0.0,6.7,-2.2,1.4,drizzle,2012,27,140.2
2012-01-28,0.0,6.7,0.6,2.2,rain,2012,28,140.2
2012-01-29,27.7,9.4,3.9,4.5,rain,2012,29,167.89999999999998
2012-01-30,3.6,8.3,6.1,5.1,rain,2012,30,171.49999999999997
2012-01-31,1.8,9.4,6.1,3.9,rain,2012,31,173.29999999999998
2012-02-01,13.5,8.9,3.3,2.7,rain,2012,32,186.79999999999998
2012-02-02,0.0,8.3,1.7,2.6,sun,2012,33,186.79999999999998
2012-02-03,0.0,14.4,2.2,5.3,sun,2012,34,186.79999999999998
2012-02-04,0.0,15.6,5.0,4.3,sun,2012,35,186.79999999999998
2012-02-05,0.0,13.9,1.7,2.9,sun,2012,36,186.79999999999998
2012-02-06,0.0,16.1,1.7,5.0,sun,2012,37,186.79999999999998
2012-02-07,0.3,15.6,7.8,5.3,rain,2012,38,187.1
2012-02-08,2.8,10.0,5.0,2.7,rain,2012,39,189.9
2012-02-09,2.5,11.1,7.8,2.4,rain,2012,40,192.4
2012-02-10,2.5,12.8,6.7,3.0,rain,2012,41,194.9
2012-02-11,0.8,8.9,5.6,3.4,rain,2012,42,195.70000000000002
2012-02-12,1.0,8.3,5.0,1.3,rain,2012,43,196.70000000000002
2012-02-13,11.4,7.2,4.4,1.4,rain,2012,44,208.10000000000002
2012-02-14,2.5,6.7,1.1,3.1,rain,2012,45,210.60000000000002
2012-02-15,0.0,7.2,0.6,1.8,drizzle,2012,46,210.60000000000002
2012-02-16,1.8,7.2,3.3,2.1,rain,2012,47,212.40000000000003
2012-02-17,17.3,10.0,4.4,3.4,rain,2012,48,229.70000000000005
2012-02-18,6.4,6.7,3.9,8.1,rain,2012,49,236.10000000000005
2012-02-19,0.0,6.7,2.2,4.7,sun,2012,50,236.10000000000005
2012-02-20,3.0,7.8,1.7,2.9,rain,2012,51,239.10000000000005
2012-02-21,0.8,10.0,7.8,7.5,rain,2012,52,239.90000000000006
2012-02-22,8.6,10.0,2.8,5.9,rain,2012,53,248.50000000000006
2012-02-23,0.0,8.3,2.8,3.9,sun,2012,54,248.50000000000006
2012-02-24,11.4,6.7,4.4,3.5,rain,2012,55,259.90000000000003
2012-02-25,0.0,7.2,2.8,6.4,rain,2012,56,259.90000000000003
2012-02-26,1.3,5.0,-1.1,3.4,snow,2012,57,261.20000000000005
2012-02-27,0.0,6.7,-2.2,3.0,sun,2012,58,261.20000000000005
2012-02-28,3.6,6.7,-0.6,4.2,snow,2012,59,264.80000000000007
2012-02-29,0.8,5.0,1.1,7.0,snow,2012,60,265.6000000000001
2012-03-01,0.0,6.1,1.1,3.1,sun,2012,61,265.6000000000001
2012-03-02,2.0,6.7,3.9,5.1,rain,2012,62,267.6000000000001
2012-03-03,0.0,12.2,6.7,7.0,sun,2012,63,267.6000000000001
2012-03-04,0.0,10.6,6.7,5.6,rain,2012,64,267.6000000000001
2012-03-05,6.9,7.8,1.1,6.2,rain,2012,65,274.50000000000006
2012-03-06,0.5,6.7,0.0,2.7,snow,2012,66,275.00000000000006
2012-03-07,0.0,8.9,-1.7,2.7,sun,2012,67,275.00000000000006
2012-03-08,0.0,15.6,0.6,2.5,sun,2012,68,275.00000000000006
2012-03-09,3.6,9.4,5.0,2.8,rain,2012,69,278.6000000000001
2012-03-10,10.4,7.2,6.1,3.4,rain,2012,70,289.00000000000006
2012-03-11,13.7,6.7,2.8,5.8,rain,2012,71,302.70000000000005
2012-03-12,19.3,8.3,0.6,6.2,snow,2012,72,322.00000000000006
2012-03-13,9.4,5.6,0.6,5.3,snow,2012,73,331.40000000000003
2012-03-14,8.6,7.8,1.1,4.7,rain,2012,74,340.00000000000006
2012-03-15,23.9,11.1,5.6,5.8,snow,2012,75,363.90000000000003
2012-03-16,8.4,8.9,3.9,5.1,rain,2012,76,372.3
2012-03-17,9.4,10.0,0.6,3.8,snow,2012,77,381.7
2012-03-18,3.6,5.0,-0.6,2.7,rain,2012,78,385.3
2012-03-19,2.0,7.2,-1.1,3.0,rain,2012,79,387.3
2012-03-20,3.6,7.8,2.2,6.4,rain,2012,80,390.90000000000003
2012-03-21,1.3,8.9,1.1,2.5,rain,2012,81,392.20000000000005
2012-03-22,4.1,10.0,1.7,2.1,rain,2012,82,396.30000000000007
2012-03-23,0.0,12.2,0.6,2.8,sun,2012,83,396.30000000000007
2012-03-24,0.0,15.0,3.3,5.2,sun,2012,84,396.30000000000007
2012-03-25,0.0,13.3,2.2,2.7,rain,2012,85,396.30000000000007
2012-03-26,0.0,12.8,6.1,4.3,drizzle,2012,86,396.30000000000007
2012-03-27,4.8,14.4,6.7,3.8,rain,2012,87,401.1000000000001
2012-03-28,1.3,10.6,7.2,5.9,rain,2012,88,402.4000000000001
2012-03-29,27.4,10.0,6.1,4.4,rain,2012,89,429.80000000000007
2012-03-30,5.6,9.4,5.0,4.7,rain,2012,90,435.4000000000001
2012-03-31,13.2,10.0,2.8,3.4,rain,2012,91,448.6000000000001
2012-04-01,1.5,8.9,4.4,6.8,rain,2012,92,450.1000000000001
2012-04-02,0.0,16.7,4.4,3.1,sun,2012,93,450.1000000000001
2012-04-03,1.5,11.7,3.3,3.1,rain,2012,94,451.6000000000001
2012-04-04,0.0,10.6,2.8,2.1,sun,2012,95,451.6000000000001
2012-04-05,4.6,9.4,2.8,1.8,snow,2012,96,456.2000000000001
2012-04-06,0.3,11.1,3.3,2.6,rain,2012,97,456.5000000000001
2012-04-07,0.0,16.1,1.7,4.3,sun,2012,98,456.5000000000001
2012-04-08,0.0,21.1,7.2,4.1,sun,2012,99,456.5000000000001
2012-04-09,0.0,20.0,6.1,2.1,sun,2012,100,456.5000000000001
2012-04-10,0.0,17.8,8.9,3.2,rain,2012,101,456.5000000000001
2012-04-11,2.3,11.1,7.2,2.6,rain,2012,102,458.8000000000001
2012-04-12,0.5,13.9,5.6,2.6,rain,2012,103,459.3000000000001
2012-04-13,0.0,15.0,3.9,4.0,drizzle,2012,104,459.3000000000001
2012-04-14,0.0,15.6,3.3,3.0,sun,2012,105,459.3000000000001
2012-04-15,0.0,16.1,7.2,2.9,rain,2012,106,459.3000000000001
2012-04-16,8.1,13.3,6.7,5.8,rain,2012,107,467.40000000000015
2012-04-17,1.8,10.0,4.4,2.0,rain,2012,108,469.20000000000016
2012-04-18,1.8,13.3,7.2,3.9,rain,2012,109,471.00000000000017
2012-04-19,10.9,13.9,5.0,2.6,rain,2012,110,481.90000000000015
2012-04-20,6.6,13.3,6.7,2.7,rain,2012,111,488.50000000000017
2012-04-21,0.0,20.0,4.4,2.3,sun,2012,112,488.50000000000017
2012-04-22,0.0,23.3,8.3,2.6,rain,2012,113,488.50000000000017
2012-04-23,0.0,21.7,8.9,3.5,sun,2012,114,488.50000000000017
2012-04-24,4.3,13.9,10.0,2.8,rain,2012,115,492.8000000000002
2012-04-25,10.7,16.7,8.9,2.6,rain,2012,116,503.50000000000017
2012-04-26,3.8,13.9,6.7,5.2,rain,2012,117,507.3000000000002
2012-04-27,0.8,13.3,6.1,4.8,rain,2012,118,508.1000000000002
2012-04-28,0.0,16.1,8.3,2.5,drizzle,2012,119,508.1000000000002
2012-04-29,4.3,15.6,8.9,1.6,rain,2012,120,512.4000000000002
2012-04-30,4.3,12.8,7.2,8.0,rain,2012,121,516.7000000000002
2012-05-01,0.5,11.7,6.1,6.4,rain,2012,122,517.2000000000002
2012-05-02,0.5,13.3,5.6,2.5,rain,2012,123,517.7000000000002
2012-05-03,18.5,11.1,7.2,3.4,rain,2012,124,536.2000000000002
2012-05-04,1.8,12.2,6.1,4.6,rain,2012,125,538.0000000000001
2012-05-05,0.0,13.3,5.0,2.3,sun,2012,126,538.0000000000001
2012-05-06,0.0,17.8,5.0,2.4,sun,2012,127,538.0000000000001
2012-05-07,0.0,23.9,6.1,2.2,sun,2012,128,538.0000000000001
2012-05-08,0.0,18.3,9.4,3.0,sun,2012,129,538.0000000000001
2012-05-09,0.0,13.3,6.7,3.9,rain,2012,130,538.0000000000001
2012-05-10,0.0,14.4,3.9,3.0,sun,2012,131,538.0000000000001
2012-05-11,0.0,18.3,4.4,4.3,sun,2012,132,538.0000000000001
2012-05-12,0.0,24.4,6.7,3.4,sun,2012,133,538.0000000000001
2012-05-13,0.0,25.6,9.4,4.2,sun,2012,134,538.0000000000001
2012-05-14,0.0,26.7,12.8,3.8,sun,2012,135,538.0000000000001
2012-05-15,0.0,24.4,9.4,4.1,drizzle,2012,136,538.0000000000001
2012-05-16,0.0,19.4,9.4,3.5,sun,2012,137,538.0000000000001
2012-05-17,0.0,17.8,6.7,2.9,rain,2012,138,538.0000000000001
2012-05-18,0.0,15.6,7.8,3.1,rain,2012,139,538.0000000000001
2012-05-19,0.0,19.4,7.2,1.5,sun,2012,140,538.0000000000001
2012-05-20,6.4,14.4,11.7,1.3,rain,2012,141,544.4000000000001
2012-05-21,14.0,16.7,10.0,4.0,rain,2012,142,558.4000000000001
2012-05-22,6.1,12.8,8.9,4.8,rain,2012,143,564.5000000000001
2012-05-23,0.3,14.4,8.9,6.3,rain,2012,144,564.8000000000001
2012-05-24,0.0,17.2,8.9,3.3,rain,2012,145,564.8000000000001
2012-05-25,0.0,22.2,8.9,3.1,rain,2012,146,564.8000000000001
2012-05-26,0.0,22.2,8.9,3.6,sun,2012,147,564.8000000000001
2012-05-27,0.0,17.2,11.7,3.7,sun,2012,148,564.8000000000001
2012-05-28,0.0,16.7,10.0,3.4,rain,2012,149,564.8000000000001
2012-05-29,0.0,16.1,7.8,1.8,sun,2012,150,564.8000000000001
2012-05-30,0.3,18.9,11.1,1.5,rain,2012,151,565.1
2012-05-31,3.8,17.8,12.2,2.7,rain,2012,152,568.9
2012-06-01,6.6,20.0,12.8,3.7,rain,2012,153,575.5
2012-06-02,0.3,18.9,10.6,3.7,rain,2012,154,575.8
2012-06-03,0.0,17.2,9.4,2.9,sun,2012,155,575.8
2012-06-04,1.3,12.8,8.9,3.1,rain,2012,156,577.0999999999999
2012-06-05,16.0,13.3,8.3,3.3,rain,2012,157,593.0999999999999
2012-06-06,0.0,16.1,6.1,3.4,sun,2012,158,593.0999999999999
2012-06-07,16.5,16.1,8.9,3.5,rain,2012,159,609.5999999999999
2012-06-08,1.5,15.0,8.3,3.0,rain,2012,160,611.0999999999999
2012-06-09,0.0,17.2,8.3,4.7,rain,2012,161,611.0999999999999
2012-06-10,0.0,18.9,10.0,2.9,sun,2012,162,611.0999999999999
2012-06-11,0.0,23.3,10.0,1.8,rain,2012,163,611.0999999999999
2012-06-12,0.8,18.3,12.8,3.9,rain,2012,164,611.8999999999999
2012-06-13,0.0,16.1,11.1,4.3,sun,2012,165,611.8999999999999
2012-06-14,0.0,17.2,10.0,2.7,sun,2012,166,611.8999999999999
2012-06-15,0.0,22.2,9.4,1.7,sun,2012,167,611.8999999999999
2012-06-16,0.0,21.1,15.0,4.1,rain,2012,168,611.8999999999999
2012-06-17,0.0,18.9,11.7,6.4,sun,2012,169,611.8999999999999
2012-06-18,3.0,17.2,10.0,3.8,rain,2012,170,614.8999999999999
2012-06-19,1.0,19.4,10.0,3.0,rain,2012,171,615.8999999999999
2012-06-20,0.0,24.4,10.0,3.0,sun,2012,172,615.8999999999999
2012-06-21,0.0,23.9,11.7,2.1,sun,2012,173,615.8999999999999
2012-06-22,15.7,13.9,11.7,1.9,rain,2012,174,631.5999999999999
2012-06-23,8.6,15.6,9.4,2.5,rain,2012,175,640.1999999999999
2012-06-24,0.0,19.4,9.4,2.0,drizzle,2012,176,640.1999999999999
2012-06-25,0.5,19.4,11.1,3.1,rain,2012,177,640.6999999999999
2012-06-26,0.0,18.3,10.6,3.4,rain,2012,178,640.6999999999999
2012-06-27,0.0,22.8,8.9,1.8,sun,2012,179,640.6999999999999
2012-06-28,0.0,22.2,11.7,2.5,rain,2012,180,640.6999999999999
2012-06-29,0.3,21.7,15.0,1.9,rain,2012,181,640.9999999999999
2012-06-30,3.0,20.0,13.3,2.4,rain,2012,182,643.9999999999999
2012-07-01,0.0,20.0,12.2,2.3,rain,2012,183,643.9999999999999
2012-07-02,2.0,18.9,11.7,2.1,rain,2012,184,645.9999999999999
2012-07-03,5.8,18.3,10.6,6.0,rain,2012,185,651.7999999999998
2012-07-04,0.0,20.6,9.4,3.8,sun,2012,186,651.7999999999998
2012-07-05,0.0,24.4,10.6,3.1,drizzle,2012,187,651.7999999999998
2012-07-06,0.0,25.0,11.1,2.1,sun,2012,188,651.7999999999998
2012-07-07,0.0,26.7,12.8,3.8,sun,2012,189,651.7999999999998
2012-07-08,0.0,28.3,14.4,2.8,rain,2012,190,651.7999999999998
2012-07-09,1.5,25.0,12.8,2.0,rain,2012,191,653.2999999999998
2012-07-10,0.0,23.9,11.1,2.3,drizzle,2012,192,653.2999999999998
2012-07-11,0.0,27.8,13.3,2.9,fog,2012,193,653.2999999999998
2012-07-12,0.0,25.6,13.3,2.7,drizzle,2012,194,653.2999999999998
2012-07-13,0.5,23.3,13.9,2.2,rain,2012,195,653.7999999999998
2012-07-14,0.0,25.0,15.0,2.2,rain,2012,196,653.7999999999998
2012-07-15,0.0,18.9,13.3,3.8,rain,2012,197,653.7999999999998
2012-07-16,0.3,26.1,13.3,2.5,rain,2012,198,654.0999999999998
2012-07-17,0.0,21.7,15.0,2.6,sun,2012,199,654.0999999999998
2012-07-18,0.0,21.1,14.4,2.9,sun,2012,200,654.0999999999998
2012-07-19,0.0,25.0,14.4,2.2,sun,2012,201,654.0999999999998
2012-07-20,15.2,19.4,13.9,4.0,rain,2012,202,669.2999999999998
2012-07-21,0.0,23.9,13.9,2.3,sun,2012,203,669.2999999999998
2012-07-22,1.0,20.6,12.2,3.9,rain,2012,204,670.2999999999998
2012-07-23,0.0,18.9,11.1,3.3,rain,2012,205,670.2999999999998
2012-07-24,0.0,23.3,12.2,4.3,sun,2012,206,670.2999999999998
2012-07-25,0.0,26.7,12.8,2.6,sun,2012,207,670.2999999999998
2012-07-26,0.0,25.6,12.8,2.2,drizzle,2012,208,670.2999999999998
2012-07-27,0.0,18.9,13.9,2.8,drizzle,2012,209,670.2999999999998
2012-07-28,0.0,22.2,13.3,1.7,drizzle,2012,210,670.2999999999998
2012-07-29,0.0,22.8,15.0,2.0,sun,2012,211,670.2999999999998
2012-07-30,0.0,19.4,13.3,3.0,sun,2012,212,670.2999999999998
2012-07-31,0.0,22.8,13.9,2.8,sun,2012,213,670.2999999999998
2012-08-01,0.0,23.9,13.3,2.2,drizzle,2012,214,670.2999999999998
2012-08-02,0.0,23.3,12.2,2.5,sun,2012,215,670.2999999999998
2012-08-03,0.0,27.2,12.8,3.9,sun,2012,216,670.2999999999998
2012-08-04,0.0,33.9,16.7,3.7,sun,2012,217,670.2999999999998
2012-08-05,0.0,33.9,17.8,1.9,sun,2012,218,670.2999999999998
2012-08-06,0.0,28.3,15.6,2.5,rain,2012,219,670.2999999999998
2012-08-07,0.0,21.1,15.0,2.6,drizzle,2012,220,670.2999999999998
2012-08-08,0.0,22.2,15.0,3.1,sun,2012,221,670.2999999999998
2012-08-09,0.0,24.4,14.4,3.8,drizzle,2012,222,670.2999999999998
2012-08-10,0.0,25.6,12.2,2.3,sun,2012,223,670.2999999999998
2012-08-11,0.0,28.3,13.3,2.5,sun,2012,224,670.2999999999998
2012-08-12,0.0,30.6,15.0,3.0,sun,2012,225,670.2999999999998
2012-08-13,0.0,30.6,15.0,2.8,sun,2012,226,670.2999999999998
2012-08-14,0.0,28.9,13.9,2.8,sun,2012,227,670.2999999999998
2012-08-15,0.0,31.1,16.7,4.7,sun,2012,228,670.2999999999998
2012-08-16,0.0,34.4,18.3,2.8,sun,2012,229,670.2999999999998
2012-08-17,0.0,32.8,16.1,1.8,sun,2012,230,670.2999999999998
2012-08-18,0.0,21.7,14.4,3.0,drizzle,2012,231,670.2999999999998
2012-08-19,0.0,23.3,15.0,2.7,drizzle,2012,232,670.2999999999998
2012-08-20,0.0,25.6,15.0,1.9,sun,2012,233,670.2999999999998
2012-08-21,0.0,23.3,13.3,3.0,rain,2012,234,670.2999999999998
2012-08-22,0.0,22.2,13.3,2.3,sun,2012,235,670.2999999999998
2012-08-23,0.0,21.1,13.9,3.8,sun,2012,236,670.2999999999998
2012-08-24,0.0,22.2,10.0,3.3,sun,2012,237,670.2999999999998
2012-08-25,0.0,26.1,11.7,3.2,sun,2012,238,670.2999999999998
2012-08-26,0.0,21.1,12.2,3.4,sun,2012,239,670.2999999999998
2012-08-27,0.0,23.9,13.3,1.8,sun,2012,240,670.2999999999998
2012-08-28,0.0,22.8,12.2,3.2,sun,2012,241,670.2999999999998
2012-08-29,0.0,22.8,13.3,2.4,sun,2012,242,670.2999999999998
2012-08-30,0.0,22.8,12.8,1.9,sun,2012,243,670.2999999999998
2012-08-31,0.0,22.2,10.6,2.9,sun,2012,244,670.2999999999998
2012-09-01,0.0,21.7,10.6,2.1,sun,2012,245,670.2999999999998
2012-09-02,0.0,21.1,10.0,2.0,sun,2012,246,670.2999999999998
2012-09-03,0.0,22.8,12.8,3.3,sun,2012,247,670.2999999999998
2012-09-04,0.0,24.4,11.1,3.1,sun,2012,248,670.2999999999998
2012-09-05,0.0,26.1,11.7,2.6,sun,2012,249,670.2999999999998
2012-09-06,0.0,28.3,14.4,4.2,sun,2012,250,670.2999999999998
2012-09-07,0.0,32.2,13.3,3.1,sun,2012,251,670.2999999999998
2012-09-08,0.0,25.0,13.3,3.0,sun,2012,252,670.2999999999998
2012-09-09,0.3,18.9,13.9,5.0,rain,2012,253,670.5999999999998
2012-09-10,0.3,20.0,11.7,3.9,rain,2012,254,670.8999999999997
2012-09-11,0.0,20.0,8.9,4.2,sun,2012,255,670.8999999999997
2012-09-12,0.0,22.2,10.0,5.6,sun,2012,256,670.8999999999997
2012-09-13,0.0,27.8,11.7,3.6,sun,2012,257,670.8999999999997
2012-09-14,0.0,26.1,11.1,1.5,sun,2012,258,670.8999999999997
2012-09-15,0.0,22.2,11.1,1.9,sun,2012,259,670.8999999999997
2012-09-16,0.0,24.4,9.4,2.3,sun,2012,260,670.8999999999997
2012-09-17,0.0,27.8,11.7,2.2,fog,2012,261,670.8999999999997
2012-09-18,0.0,27.8,11.7,1.4,sun,2012,262,670.8999999999997
2012-09-19,0.0,23.9,11.7,1.9,drizzle,2012,263,670.8999999999997
2012-09-20,0.0,19.4,10.0,2.5,drizzle,2012,264,670.8999999999997
2012-09-21,0.0,16.1,12.8,2.1,drizzle,2012,265,670.8999999999997
2012-09-22,0.3,19.4,11.7,1.1,rain,2012,266,671.1999999999997
2012-09-23,0.0,19.4,10.0,1.4,fog,2012,267,671.1999999999997
2012-09-24,0.0,21.1,10.0,1.8,fog,2012,268,671.1999999999997
2012-09-25,0.0,19.4,11.1,1.7,sun,2012,269,671.1999999999997
2012-09-26,0.0,19.4,9.4,1.7,drizzle,2012,270,671.1999999999997
2012-09-27,0.0,22.8,10.0,1.7,drizzle,2012,271,671.1999999999997
2012-09-28,0.0,25.0,12.2,1.1,rain,2012,272,671.1999999999997
2012-09-29,0.0,20.6,12.2,4.3,sun,2012,273,671.1999999999997
2012-09-30,0.0,21.1,7.8,3.1,sun,2012,274,671.1999999999997
2012-10-01,0.0,23.3,8.9,3.0,sun,2012,275,671.1999999999997
2012-10-02,0.0,17.8,10.0,4.1,sun,2012,276,671.1999999999997
2012-10-03,0.0,18.9,7.8,7.3,sun,2012,277,671.1999999999997
2012-10-04,0.0,18.9,8.3,6.5,sun,2012,278,671.1999999999997
2012-10-05,0.0,21.7,8.9,5.7,sun,2012,279,671.1999999999997
2012-10-06,0.0,23.9,7.8,5.1,sun,2012,280,671.1999999999997
2012-10-07,0.0,23.9,7.8,1.3,sun,2012,281,671.1999999999997
2012-10-08,0.0,21.1,7.8,1.9,sun,2012,282,671.1999999999997
2012-10-09,0.0,16.1,8.9,1.6,drizzle,2012,283,671.1999999999997
2012-10-10,0.0,12.2,8.3,1.4,drizzle,2012,284,671.1999999999997
2012-10-11,0.0,13.9,7.2,1.3,drizzle,2012,285,671.1999999999997
2012-10-12,2.0,13.9,8.9,4.6,rain,2012,286,673.1999999999997
2012-10-13,4.8,15.6,12.2,3.9,rain,2012,287,677.9999999999997
2012-10-14,16.5,17.8,13.3,3.4,rain,2012,288,694.4999999999997
2012-10-15,7.9,17.2,11.1,4.6,rain,2012,289,702.3999999999996
2012-10-16,0.0,16.1,8.3,5.5,sun,2012,290,702.3999999999996
2012-10-17,0.0,14.4,6.1,1.6,sun,2012,291,702.3999999999996
2012-10-18,20.8,17.8,6.7,2.0,rain,2012,292,723.1999999999996
2012-10-19,4.8,15.0,9.4,5.3,rain,2012,293,727.9999999999995
2012-10-20,0.5,11.1,6.1,5.7,rain,2012,294,728.4999999999995
2012-10-21,6.4,11.7,4.4,2.7,rain,2012,295,734.8999999999995
2012-10-22,8.9,7.8,3.3,2.6,rain,2012,296,743.7999999999995
2012-10-23,0.0,11.1,5.6,3.0,rain,2012,297,743.7999999999995
2012-10-24,7.1,11.7,6.1,2.1,rain,2012,298,750.8999999999995
2012-10-25,0.0,11.7,6.7,1.5,sun,2012,299,750.8999999999995
2012-10-26,1.5,11.1,7.2,2.5,rain,2012,300,752.3999999999995
2012-10-27,23.1,14.4,9.4,5.1,rain,2012,301,775.4999999999995
2012-10-28,6.1,14.4,10.0,3.8,rain,2012,302,781.5999999999996
2012-10-29,10.9,15.6,10.0,4.9,rain,2012,303,792.4999999999995
2012-10-30,34.5,15.0,12.2,2.8,rain,2012,304,826.9999999999995
2012-10-31,14.5,15.6,11.1,2.7,rain,2012,305,841.4999999999995
2012-11-01,9.7,15.0,10.6,3.0,rain,2012,306,851.1999999999996
2012-11-02,5.6,15.0,10.6,1.0,rain,2012,307,856.7999999999996
2012-11-03,0.5,15.6,11.1,3.6,rain,2012,308,857.2999999999996
2012-11-04,8.1,17.8,12.8,3.8,rain,2012,309,865.3999999999996
2012-11-05,0.8,15.0,7.8,4.0,rain,2012,310,866.1999999999996
2012-11-06,0.3,12.8,6.7,3.5,rain,2012,311,866.4999999999995
2012-11-07,0.0,12.2,3.9,3.4,rain,2012,312,866.4999999999995
2012-11-08,0.0,10.0,1.1,3.4,rain,2012,313,866.4999999999995
2012-11-09,0.0,8.9,1.1,2.0,rain,2012,314,866.4999999999995
2012-11-10,0.0,7.8,-0.6,2.2,sun,2012,315,866.4999999999995
2012-11-11,15.2,8.9,1.1,3.0,rain,2012,316,881.6999999999996
2012-11-12,3.6,12.8,6.1,3.0,rain,2012,317,885.2999999999996
2012-11-13,5.3,11.1,7.8,2.5,rain,2012,318,890.5999999999996
2012-11-14,0.8,11.1,5.0,2.6,rain,2012,319,891.3999999999995
2012-11-15,0.0,9.4,2.8,2.4,drizzle,2012,320,891.3999999999995
2012-11-16,5.6,9.4,2.2,1.6,rain,2012,321,896.9999999999995
2012-11-17,6.1,12.2,6.1,5.3,rain,2012,322,903.0999999999996
2012-11-18,7.9,10.0,6.1,4.9,rain,2012,323,910.9999999999995
2012-11-19,54.1,13.3,8.3,6.0,rain,2012,324,965.0999999999996
2012-11-20,3.8,11.1,7.2,4.2,rain,2012,325,968.8999999999995
2012-11-21,11.2,8.3,3.9,5.5,rain,2012,326,980.0999999999996
2012-11-22,0.0,8.9,2.8,1.5,rain,2012,327,980.0999999999996
2012-11-23,32.0,9.4,6.1,2.4,rain,2012,328,1012.0999999999996
2012-11-24,0.0,8.9,3.9,1.2,rain,2012,329,1012.0999999999996
2012-11-25,0.0,8.3,1.1,3.6,drizzle,2012,330,1012.0999999999996
2012-11-26,0.0,9.4,1.7,3.8,fog,2012,331,1012.0999999999996
2012-11-27,0.0,10.0,1.7,1.5,sun,2012,332,1012.0999999999996
2012-11-28,2.8,9.4,2.2,2.9,rain,2012,333,1014.8999999999995
2012-11-29,1.5,12.8,7.8,4.2,rain,2012,334,1016.3999999999995
2012-11-30,35.6,15.0,7.8,4.6,rain,2012,335,1051.9999999999995
2012-12-01,4.1,13.3,8.3,5.5,rain,2012,336,1056.0999999999995
2012-12-02,19.6,8.3,7.2,6.2,rain,2012,337,1075.6999999999994
2012-12-03,13.0,9.4,7.2,4.4,rain,2012,338,1088.6999999999994
2012-12-04,14.2,11.7,7.2,6.2,rain,2012,339,1102.8999999999994
2012-12-05,1.5,8.9,4.4,5.0,rain,2012,340,1104.3999999999994
2012-12-06,1.5,7.2,6.1,5.1,rain,2012,341,1105.8999999999994
2012-12-07,1.0,7.8,3.3,4.6,rain,2012,342,1106.8999999999994
2012-12-08,0.0,6.7,3.3,2.0,sun,2012,343,1106.8999999999994
2012-12-09,1.5,6.7,2.8,2.1,rain,2012,344,1108.3999999999994
2012-12-10,0.5,7.2,5.6,1.8,rain,2012,345,1108.8999999999994
2012-12-11,3.0,7.8,5.6,4.5,rain,2012,346,1111.8999999999994
2012-12-12,8.1,6.7,4.4,2.0,rain,2012,347,1119.9999999999993
2012-12-13,2.3,7.2,3.3,2.8,rain,2012,348,1122.2999999999993
2012-12-14,7.9,6.1,1.1,1.7,rain,2012,349,1130.1999999999994
2012-12-15,5.3,4.4,0.6,5.1,snow,2012,350,1135.4999999999993
2012-12-16,22.6,6.7,3.3,5.5,snow,2012,351,1158.0999999999992
2012-12-17,2.0,8.3,1.7,9.5,rain,2012,352,1160.0999999999992
2012-12-18,3.3,3.9,0.6,5.3,snow,2012,353,1163.3999999999992
2012-12-19,13.7,8.3,1.7,5.8,snow,2012,354,1177.0999999999992
2012-12-20,13.2,7.2,0.6,3.7,rain,2012,355,1190.2999999999993
2012-12-21,1.8,8.3,-1.7,1.7,rain,2012,356,1192.0999999999992
2012-12-22,3.3,8.3,3.9,3.5,rain,2012,357,1195.3999999999992
2012-12-23,6.6,7.2,3.3,2.5,rain,2012,358,1201.999999999999
2012-12-24,0.3,5.6,2.8,2.8,rain,2012,359,1202.299999999999
2012-12-25,13.5,5.6,2.8,4.2,snow,2012,360,1215.799999999999
2012-12-26,4.6,6.7,3.3,4.9,rain,2012,361,1220.399999999999
2012-12-27,4.1,7.8,3.3,3.2,rain,2012,362,1224.4999999999989
2012-12-28,0.0,8.3,3.9,1.7,rain,2012,363,1224.4999999999989
2012-12-29,1.5,5.0,3.3,1.7,rain,2012,364,1225.9999999999989
2012-12-30,0.0,4.4,0.0,1.8,drizzle,2012,365,1225.9999999999989
2012-12-31,0.0,3.3,-1.1,2.0,drizzle,2012,366,1225.9999999999989
2013-01-01,0.0,5.0,-2.8,2.7,sun,2013,1,0.0
2013-01-02,0.0,6.1,-1.1,3.2,sun,2013,2,0.0
2013-01-03,4.1,6.7,-1.7,3.0,rain,2013,3,4.1
2013-01-04,2.5,10.0,2.2,2.8,rain,2013,4,6.6
2013-01-05,3.0,6.7,4.4,3.1,rain,2013,5,9.6
2013-01-06,2.0,7.2,2.8,3.0,rain,2013,6,11.6
2013-01-07,2.3,10.0,4.4,7.3,rain,2013,7,13.899999999999999
2013-01-08,16.3,11.7,5.6,6.3,rain,2013,8,30.2
2013-01-09,38.4,10.0,1.7,5.1,rain,2013,9,68.6
2013-01-10,0.3,3.3,-0.6,2.1,snow,2013,10,68.89999999999999
2013-01-11,0.0,2.8,-2.8,1.9,drizzle,2013,11,68.89999999999999
2013-01-12,0.0,2.8,-3.9,2.0,sun,2013,12,68.89999999999999
2013-01-13,0.0,2.2,-4.4,1.5,sun,2013,13,68.89999999999999
2013-01-14,0.0,3.3,-2.2,1.3,sun,2013,14,68.89999999999999
2013-01-15,0.0,6.7,-0.6,2.3,sun,2013,15,68.89999999999999
2013-01-16,0.0,6.1,-3.9,1.8,drizzle,2013,16,68.89999999999999
2013-01-17,0.0,3.9,-2.8,1.0,drizzle,2013,17,68.89999999999999
2013-01-18,0.0,3.3,-1.1,1.3,drizzle,2013,18,68.89999999999999
2013-01-19,0.0,1.1,-0.6,1.9,drizzle,2013,19,68.89999999999999
2013-01-20,0.0,3.3,-0.6,2.1,drizzle,2013,20,68.89999999999999
2013-01-21,0.0,2.2,-1.7,1.1,drizzle,2013,21,68.89999999999999
2013-01-22,0.0,3.3,-1.7,0.6,drizzle,2013,22,68.89999999999999
2013-01-23,5.1,7.2,2.2,3.1,rain,2013,23,73.99999999999999
2013-01-24,5.8,7.2,1.1,2.6,rain,2013,24,79.79999999999998
2013-01-25,3.0,10.6,2.8,2.1,rain,2013,25,82.79999999999998
2013-01-26,2.3,8.3,3.9,4.5,rain,2013,26,85.09999999999998
2013-01-27,1.8,5.6,3.9,4.5,rain,2013,27,86.89999999999998
2013-01-28,7.9,6.1,3.3,3.2,rain,2013,28,94.79999999999998
2013-01-29,4.3,8.3,5.0,3.9,rain,2013,29,99.09999999999998
2013-01-30,3.6,8.9,6.7,3.9,rain,2013,30,102.69999999999997
2013-01-31,3.0,9.4,7.2,4.0,rain,2013,31,105.69999999999997
2013-02-01,0.3,11.7,5.0,2.9,rain,2013,32,105.99999999999997
2013-02-02,0.0,6.1,2.8,2.0,drizzle,2013,33,105.99999999999997
2013-02-03,2.3,8.9,2.8,2.9,rain,2013,34,108.29999999999997
2013-02-04,0.0,10.6,6.7,2.6,rain,2013,35,108.29999999999997
2013-02-05,3.3,10.0,6.7,5.1,rain,2013,36,111.59999999999997
2013-02-06,1.0,10.6,6.1,4.5,rain,2013,37,112.59999999999997
2013-02-07,1.3,9.4,3.3,4.1,rain,2013,38,113.89999999999996
2013-02-08,0.0,7.8,2.2,1.3,sun,2013,39,113.89999999999996
2013-02-09,0.3,8.3,4.4,1.3,rain,2013,40,114.19999999999996
2013-02-10,0.0,8.9,1.7,2.0,drizzle,2013,41,114.19999999999996
2013-02-11,0.3,8.3,4.4,1.4,rain,2013,42,114.49999999999996
2013-02-12,1.0,11.1,7.2,5.6,rain,2013,43,115.49999999999996
2013-02-13,2.3,9.4,7.2,4.1,rain,2013,44,117.79999999999995
2013-02-14,1.0,9.4,5.6,2.2,rain,2013,45,118.79999999999995
2013-02-15,0.0,13.3,5.0,2.4,drizzle,2013,46,118.79999999999995
2013-02-16,0.0,11.1,3.9,5.6,rain,2013,47,118.79999999999995
2013-02-17,0.0,9.4,4.4,3.4,rain,2013,48,118.79999999999995
2013-02-18,0.0,7.8,3.9,1.9,rain,2013,49,118.79999999999995
2013-02-19,0.0,10.6,1.7,3.4,sun,2013,50,118.79999999999995
2013-02-20,1.5,7.8,1.1,2.1,rain,2013,51,120.29999999999995
2013-02-21,0.5,6.7,3.9,6.2,rain,2013,52,120.79999999999995
2013-02-22,9.4,7.8,3.9,8.1,rain,2013,53,130.19999999999996
2013-02-23,0.3,10.0,3.9,4.6,rain,2013,54,130.49999999999997
2013-02-24,0.0,8.9,5.0,5.5,rain,2013,55,130.49999999999997
2013-02-25,2.3,10.6,3.3,7.1,rain,2013,56,132.79999999999998
2013-02-26,0.5,8.9,3.9,3.8,rain,2013,57,133.29999999999998
2013-02-27,4.6,10.0,4.4,1.8,rain,2013,58,137.89999999999998
2013-02-28,8.1,11.7,6.7,3.8,rain,2013,59,145.99999999999997
2013-03-01,4.1,15.0,11.1,5.4,rain,2013,60,150.09999999999997
2013-03-02,0.8,13.9,5.0,4.5,rain,2013,61,150.89999999999998
2013-03-03,0.0,11.1,2.2,2.8,sun,2013,62,150.89999999999998
2013-03-04,0.0,13.3,0.0,3.9,sun,2013,63,150.89999999999998
2013-03-05,0.0,9.4,6.1,2.4,rain,2013,64,150.89999999999998
2013-03-06,11.9,7.2,5.0,4.1,rain,2013,65,162.79999999999998
2013-03-07,7.4,12.2,5.0,2.5,rain,2013,66,170.2
2013-03-08,0.0,11.7,2.2,2.6,drizzle,2013,67,170.2
2013-03-09,0.0,12.8,1.1,1.3,fog,2013,68,170.2
2013-03-10,0.8,7.8,3.9,1.6,rain,2013,69,171.0
2013-03-11,1.3,10.6,6.1,1.1,rain,2013,70,172.3
2013-03-12,2.0,12.8,10.0,5.7,rain,2013,71,174.3
2013-03-13,2.3,11.7,9.4,3.7,rain,2013,72,176.60000000000002
2013-03-14,2.8,11.7,9.4,3.0,rain,2013,73,179.40000000000003
2013-03-15,0.0,14.4,8.9,4.3,rain,2013,74,179.40000000000003
2013-03-16,4.3,10.6,4.4,6.4,rain,2013,75,183.70000000000005
2013-03-17,0.0,8.9,3.9,6.1,sun,2013,76,183.70000000000005
2013-03-18,0.0,11.7,3.9,5.9,rain,2013,77,183.70000000000005
2013-03-19,11.7,12.8,1.7,3.4,rain,2013,78,195.40000000000003
2013-03-20,9.9,11.1,4.4,7.6,rain,2013,79,205.30000000000004
2013-03-21,8.1,10.0,2.2,4.9,snow,2013,80,213.40000000000003
2013-03-22,0.0,9.4,0.6,2.2,sun,2013,81,213.40000000000003
2013-03-23,0.0,10.0,1.1,2.6,sun,2013,82,213.40000000000003
2013-03-24,0.0,12.2,0.6,2.1,sun,2013,83,213.40000000000003
2013-03-25,0.0,16.7,4.4,2.8,sun,2013,84,213.40000000000003
2013-03-26,0.0,16.7,6.1,1.7,sun,2013,85,213.40000000000003
2013-03-27,0.3,13.3,7.2,1.6,rain,2013,86,213.70000000000005
2013-03-28,2.0,16.1,8.3,1.3,rain,2013,87,215.70000000000005
2013-03-29,0.0,18.3,7.8,2.5,rain,2013,88,215.70000000000005
2013-03-30,0.0,20.0,5.6,4.4,drizzle,2013,89,215.70000000000005
2013-03-31,0.0,20.6,6.7,2.9,sun,2013,90,215.70000000000005
2013-04-01,0.0,17.2,8.3,3.6,sun,2013,91,215.70000000000005
2013-04-02,0.0,13.9,8.9,2.2,sun,2013,92,215.70000000000005
2013-04-03,0.0,16.7,7.8,1.6,sun,2013,93,215.70000000000005
2013-04-04,8.4,14.4,10.0,3.0,fog,2013,94,224.10000000000005
2013-04-05,18.5,13.9,10.0,5.6,fog,2013,95,242.60000000000005
2013-04-06,12.7,12.2,7.2,5.0,fog,2013,96,255.30000000000004
2013-04-07,39.1,8.3,5.0,3.9,fog,2013,97,294.40000000000003
2013-04-08,0.8,13.3,6.1,3.1,fog,2013,98,295.20000000000005
2013-04-09,0.0,12.2,6.1,2.4,sun,2013,99,295.20000000000005
2013-04-10,9.4,15.0,8.9,6.4,sun,2013,100,304.6
2013-04-11,1.5,12.2,6.7,3.8,fog,2013,101,306.1
2013-04-12,9.7,7.8,4.4,4.6,fog,2013,102,315.8
2013-04-13,9.4,10.6,3.3,5.7,fog,2013,103,325.2
2013-04-14,5.8,12.8,4.4,2.3,fog,2013,104,331.0
2013-04-15,0.0,13.9,4.4,2.4,fog,2013,105,331.0
2013-04-16,0.3,13.9,3.3,2.6,sun,2013,106,331.3
2013-04-17,0.0,15.0,3.9,3.3,drizzle,2013,107,331.3
2013-04-18,5.3,11.7,6.7,4.0,fog,2013,108,336.6
2013-04-19,20.6,13.3,9.4,4.9,fog,2013,109,357.20000000000005
2013-04-20,0.0,13.9,8.3,5.8,sun,2013,110,357.20000000000005
2013-04-21,3.3,12.2,6.7,4.1,sun,2013,111,360.50000000000006
2013-04-22,0.0,16.1,5.0,4.3,sun,2013,112,360.50000000000006
2013-04-23,0.0,17.8,3.9,2.8,sun,2013,113,360.50000000000006
2013-04-24,0.0,21.1,6.1,3.0,sun,2013,114,360.50000000000006
2013-04-25,0.0,21.7,6.7,1.1,sun,2013,115,360.50000000000006
2013-04-26,0.0,20.6,8.3,2.2,fog,2013,116,360.50000000000006
2013-04-27,0.0,13.9,10.6,5.9,sun,2013,117,360.50000000000006
2013-04-28,1.0,15.0,9.4,5.2,drizzle,2013,118,361.50000000000006
2013-04-29,3.8,13.9,6.7,4.2,fog,2013,119,365.30000000000007
2013-04-30,0.0,12.8,4.4,2.4,sun,2013,120,365.30000000000007
2013-05-01,0.0,18.3,3.3,3.1,sun,2013,121,365.30000000000007
2013-05-02,0.0,20.6,6.7,4.0,sun,2013,122,365.30000000000007
2013-05-03,0.0,21.7,9.4,4.9,sun,2013,123,365.30000000000007
2013-05-04,0.0,25.0,11.1,6.5,sun,2013,124,365.30000000000007
2013-05-05,0.0,28.9,11.7,5.3,sun,2013,125,365.30000000000007
2013-05-06,0.0,30.6,12.2,2.0,sun,2013,126,365.30000000000007
2013-05-07,0.0,20.6,11.1,3.3,sun,2013,127,365.30000000000007
2013-05-08,0.0,19.4,11.1,1.9,sun,2013,128,365.30000000000007
2013-05-09,0.0,22.8,10.0,1.3,sun,2013,129,365.30000000000007
2013-05-10,0.0,26.1,9.4,1.0,sun,2013,130,365.30000000000007
2013-05-11,0.0,27.2,12.2,2.6,sun,2013,131,365.30000000000007
2013-05-12,6.6,21.7,13.9,3.9,fog,2013,132,371.9000000000001
2013-05-13,3.3,18.9,9.4,5.0,sun,2013,133,375.2000000000001
2013-05-14,0.0,18.3,7.8,2.4,sun,2013,134,375.2000000000001
2013-05-15,1.0,17.2,8.9,2.3,fog,2013,135,376.2000000000001
2013-05-16,0.0,21.7,12.2,2.7,fog,2013,136,376.2000000000001
2013-05-17,0.5,17.2,11.7,3.7,sun,2013,137,376.7000000000001
2013-05-18,0.0,16.7,11.1,2.9,sun,2013,138,376.7000000000001
2013-05-19,0.0,18.3,10.6,2.3,sun,2013,139,376.7000000000001
2013-05-20,0.0,19.4,9.4,1.8,sun,2013,140,376.7000000000001
2013-05-21,13.7,15.6,8.3,4.8,fog,2013,141,390.4000000000001
2013-05-22,13.7,11.1,7.2,3.0,fog,2013,142,404.1000000000001
2013-05-23,4.1,12.2,6.7,1.9,fog,2013,143,408.2000000000001
2013-05-24,0.3,16.7,8.9,2.7,sun,2013,144,408.5000000000001
2013-05-25,0.0,17.8,10.0,2.7,sun,2013,145,408.5000000000001
2013-05-26,1.5,18.3,10.6,2.2,fog,2013,146,410.0000000000001
2013-05-27,9.7,16.7,11.1,3.1,fog,2013,147,419.7000000000001
2013-05-28,0.5,17.2,11.7,2.8,fog,2013,148,420.2000000000001
2013-05-29,5.6,16.1,9.4,4.0,fog,2013,149,425.8000000000001
2013-05-30,0.0,16.7,9.4,5.3,sun,2013,150,425.8000000000001
2013-05-31,0.0,19.4,11.1,2.5,sun,2013,151,425.8000000000001
2013-06-01,0.0,22.8,12.2,2.5,sun,2013,152,425.8000000000001
2013-06-02,1.0,20.6,12.2,3.1,sun,2013,153,426.8000000000001
2013-06-03,0.0,22.2,11.1,2.9,sun,2013,154,426.8000000000001
2013-06-04,0.0,26.1,12.2,3.4,sun,2013,155,426.8000000000001
2013-06-05,0.0,26.7,14.4,3.1,sun,2013,156,426.8000000000001
2013-06-06,0.0,26.7,12.2,2.5,sun,2013,157,426.8000000000001
2013-06-07,0.0,21.7,13.3,3.2,sun,2013,158,426.8000000000001
2013-06-08,0.0,20.6,12.8,3.1,sun,2013,159,426.8000000000001
2013-06-09,0.0,20.6,11.1,3.7,sun,2013,160,426.8000000000001
2013-06-10,0.0,21.7,11.7,3.2,sun,2013,161,426.8000000000001
2013-06-11,0.0,20.0,10.0,5.7,sun,2013,162,426.8000000000001
2013-06-12,0.3,20.6,11.7,4.2,sun,2013,163,427.10000000000014
2013-06-13,0.0,21.1,11.7,2.6,sun,2013,164,427.10000000000014
2013-06-14,0.0,20.0,12.2,3.7,sun,2013,165,427.10000000000014
2013-06-15,0.0,25.6,10.0,2.9,sun,2013,166,427.10000000000014
2013-06-16,0.0,23.9,12.8,3.4,sun,2013,167,427.10000000000014
2013-06-17,0.0,25.6,13.9,3.0,sun,2013,168,427.10000000000014
2013-06-18,0.3,23.3,13.3,3.4,fog,2013,169,427.40000000000015
2013-06-19,0.0,20.0,12.8,3.7,sun,2013,170,427.40000000000015
2013-06-20,3.0,17.2,12.8,5.0,sun,2013,171,430.40000000000015
2013-06-21,0.3,20.6,12.2,1.5,sun,2013,172,430.70000000000016
2013-06-22,0.0,25.6,11.7,1.7,sun,2013,173,430.70000000000016
2013-06-23,7.9,22.2,15.0,2.1,fog,2013,174,438.60000000000014
2013-06-24,4.8,21.1,13.9,3.7,fog,2013,175,443.40000000000015
2013-06-25,9.9,23.3,14.4,2.8,sun,2013,176,453.3000000000001
2013-06-26,2.0,22.2,15.0,2.3,fog,2013,177,455.3000000000001
2013-06-27,3.6,21.1,16.7,1.3,fog,2013,178,458.90000000000015
2013-06-28,0.0,30.6,16.1,2.2,sun,2013,179,458.90000000000015
2013-06-29,0.0,30.0,18.3,1.7,sun,2013,180,458.90000000000015
2013-06-30,0.0,33.9,17.2,2.5,sun,2013,181,458.90000000000015
2013-07-01,0.0,31.7,18.3,2.3,sun,2013,182,458.90000000000015
2013-07-02,0.0,28.3,15.6,3.0,sun,2013,183,458.90000000000015
2013-07-03,0.0,26.1,16.7,3.2,sun,2013,184,458.90000000000015
2013-07-04,0.0,21.7,13.9,2.2,fog,2013,185,458.90000000000015
2013-07-05,0.0,23.3,13.9,2.6,sun,2013,186,458.90000000000015
2013-07-06,0.0,26.1,13.3,2.2,sun,2013,187,458.90000000000015
2013-07-07,0.0,23.9,13.9,2.9,sun,2013,188,458.90000000000015
2013-07-08,0.0,26.7,13.3,2.8,sun,2013,189,458.90000000000015
2013-07-09,0.0,30.0,15.0,2.5,sun,2013,190,458.90000000000015
2013-07-10,0.0,22.2,13.9,2.6,sun,2013,191,458.90000000000015
2013-07-11,0.0,22.8,12.2,3.0,sun,2013,192,458.90000000000015
2013-07-12,0.0,19.4,13.3,2.2,sun,2013,193,458.90000000000015
2013-07-13,0.0,26.1,11.1,3.1,sun,2013,194,458.90000000000015
2013-07-14,0.0,27.8,12.8,3.0,sun,2013,195,458.90000000000015
2013-07-15,0.0,27.8,14.4,4.6,sun,2013,196,458.90000000000015
2013-07-16,0.0,31.1,18.3,4.1,sun,2013,197,458.90000000000015
2013-07-17,0.0,22.2,15.0,3.7,rain,2013,198,458.90000000000015
2013-07-18,0.0,26.1,13.9,2.0,sun,2013,199,458.90000000000015
2013-07-19,0.0,27.8,13.3,1.9,sun,2013,200,458.90000000000015
2013-07-20,0.0,25.0,13.3,2.0,sun,2013,201,458.90000000000015
2013-07-21,0.0,23.9,12.8,2.3,sun,2013,202,458.90000000000015
2013-07-22,0.0,26.1,13.3,2.4,fog,2013,203,458.90000000000015
2013-07-23,0.0,31.1,13.9,3.0,sun,2013,204,458.90000000000015
2013-07-24,0.0,31.1,14.4,2.5,sun,2013,205,458.90000000000015
2013-07-25,0.0,31.1,12.8,2.3,sun,2013,206,458.90000000000015
2013-07-26,0.0,31.1,14.4,2.9,sun,2013,207,458.90000000000015
2013-07-27,0.0,25.6,12.8,2.6,sun,2013,208,458.90000000000015
2013-07-28,0.0,21.1,12.2,3.4,fog,2013,209,458.90000000000015
2013-07-29,0.0,25.0,13.3,1.4,sun,2013,210,458.90000000000015
2013-07-30,0.0,25.0,13.3,2.8,sun,2013,211,458.90000000000015
2013-07-31,0.0,21.7,13.3,1.8,sun,2013,212,458.90000000000015
2013-08-01,0.0,20.6,13.3,3.9,sun,2013,213,458.90000000000015
2013-08-02,2.0,17.2,15.0,2.0,sun,2013,214,460.90000000000015
2013-08-03,0.0,25.0,15.6,2.4,fog,2013,215,460.90000000000015
2013-08-04,0.0,28.9,15.0,3.4,sun,2013,216,460.90000000000015
2013-08-05,0.0,30.0,15.0,2.1,sun,2013,217,460.90000000000015
2013-08-06,0.0,30.6,13.9,1.4,sun,2013,218,460.90000000000015
2013-08-07,0.0,31.1,13.9,1.9,sun,2013,219,460.90000000000015
2013-08-08,0.0,28.3,14.4,2.5,sun,2013,220,460.90000000000015
2013-08-09,0.0,28.3,14.4,2.1,rain,2013,221,460.90000000000015
2013-08-10,2.3,25.6,15.0,2.9,sun,2013,222,463.20000000000016
2013-08-11,0.0,25.0,14.4,2.9,sun,2013,223,463.20000000000016
2013-08-12,0.0,25.6,16.1,1.9,sun,2013,224,463.20000000000016
2013-08-13,0.0,27.8,15.0,1.8,sun,2013,225,463.20000000000016
2013-08-14,0.8,27.2,15.0,2.0,sun,2013,226,464.00000000000017
2013-08-15,1.8,21.1,17.2,1.0,sun,2013,227,465.8000000000002
2013-08-16,0.0,28.9,16.1,2.2,fog,2013,228,465.8000000000002
2013-08-17,0.0,25.6,17.2,3.0,sun,2013,229,465.8000000000002
2013-08-18,0.0,26.1,15.6,3.1,sun,2013,230,465.8000000000002
2013-08-19,0.0,26.7,15.6,3.0,sun,2013,231,465.8000000000002
2013-08-20,0.0,25.6,16.1,4.6,sun,2013,232,465.8000000000002
2013-08-21,0.0,27.8,15.0,4.3,sun,2013,233,465.8000000000002
2013-08-22,0.0,28.9,15.0,1.9,sun,2013,234,465.8000000000002
2013-08-23,0.0,25.0,16.1,4.1,sun,2013,235,465.8000000000002
2013-08-24,0.0,25.0,16.7,2.7,sun,2013,236,465.8000000000002
2013-08-25,0.3,22.2,16.1,2.6,sun,2013,237,466.1000000000002
2013-08-26,1.0,24.4,16.1,1.9,sun,2013,238,467.1000000000002
2013-08-27,1.3,26.7,17.2,1.4,sun,2013,239,468.4000000000002
2013-08-28,5.6,26.7,15.6,1.3,fog,2013,240,474.0000000000002
2013-08-29,19.3,23.9,18.3,3.0,sun,2013,241,493.30000000000024
2013-08-30,0.0,26.1,16.1,2.9,sun,2013,242,493.30000000000024
2013-08-31,0.0,27.8,13.9,2.6,sun,2013,243,493.30000000000024
2013-09-01,0.0,27.8,15.6,2.5,sun,2013,244,493.30000000000024
2013-09-02,0.0,27.8,17.2,2.1,sun,2013,245,493.30000000000024
2013-09-03,2.3,25.0,16.7,1.7,fog,2013,246,495.60000000000025
2013-09-04,0.3,22.8,16.1,2.4,fog,2013,247,495.90000000000026
2013-09-05,27.7,20.0,15.6,2.5,sun,2013,248,523.6000000000003
2013-09-06,21.3,21.7,16.1,2.6,fog,2013,249,544.9000000000002
2013-09-07,0.0,23.3,17.2,2.0,sun,2013,250,544.9000000000002
2013-09-08,0.0,26.7,14.4,1.5,fog,2013,251,544.9000000000002
2013-09-09,0.0,26.1,13.9,2.1,sun,2013,252,544.9000000000002
2013-09-10,0.0,26.7,15.0,3.7,sun,2013,253,544.9000000000002
2013-09-11,0.0,33.9,16.1,2.4,sun,2013,254,544.9000000000002
2013-09-12,0.0,25.6,15.0,1.7,sun,2013,255,544.9000000000002
2013-09-13,0.0,18.9,15.6,2.0,sun,2013,256,544.9000000000002
2013-09-14,0.0,21.7,15.6,1.4,fog,2013,257,544.9000000000002
2013-09-15,3.3,18.9,14.4,2.2,sun,2013,258,548.2000000000002
2013-09-16,0.3,21.7,15.0,4.3,fog,2013,259,548.5000000000001
2013-09-17,0.0,17.8,13.9,2.3,sun,2013,260,548.5000000000001
2013-09-18,0.0,21.1,13.3,2.5,sun,2013,261,548.5000000000001
2013-09-19,0.0,25.6,10.0,1.5,sun,2013,262,548.5000000000001
2013-09-20,3.6,23.3,13.3,3.0,fog,2013,263,552.1000000000001
2013-09-21,0.0,21.1,13.3,2.5,sun,2013,264,552.1000000000001
2013-09-22,13.5,17.2,13.3,5.5,fog,2013,265,565.6000000000001
2013-09-23,2.8,16.1,11.1,4.5,fog,2013,266,568.4000000000001
2013-09-24,0.0,17.8,10.0,2.6,sun,2013,267,568.4000000000001
2013-09-25,2.0,16.1,9.4,3.0,fog,2013,268,570.4000000000001
2013-09-26,0.0,17.2,7.2,2.2,sun,2013,269,570.4000000000001
2013-09-27,1.0,13.9,10.6,4.3,fog,2013,270,571.4000000000001
2013-09-28,43.4,16.7,11.7,6.0,fog,2013,271,614.8000000000001
2013-09-29,16.8,14.4,11.1,7.1,sun,2013,272,631.6
2013-09-30,18.5,13.9,10.0,6.3,fog,2013,273,650.1
2013-10-01,7.9,14.4,8.9,4.7,fog,2013,274,658.0
2013-10-02,5.3,12.8,9.4,2.4,fog,2013,275,663.3
2013-10-03,0.8,14.4,8.9,0.9,fog,2013,276,664.0999999999999
2013-10-04,0.0,17.8,5.6,1.1,sun,2013,277,664.0999999999999
2013-10-05,0.0,20.0,8.3,1.6,sun,2013,278,664.0999999999999
2013-10-06,4.1,22.8,7.8,2.6,fog,2013,279,668.1999999999999
2013-10-07,0.5,16.1,11.7,6.3,fog,2013,280,668.6999999999999
2013-10-08,6.9,13.9,7.8,3.0,rain,2013,281,675.5999999999999
2013-10-09,0.0,15.0,5.6,1.6,sun,2013,282,675.5999999999999
2013-10-10,1.0,14.4,8.3,1.7,fog,2013,283,676.5999999999999
2013-10-11,9.1,13.9,10.6,1.0,sun,2013,284,685.6999999999999
2013-10-12,1.0,14.4,8.9,2.2,fog,2013,285,686.6999999999999
2013-10-13,0.0,15.0,6.7,1.8,fog,2013,286,686.6999999999999
2013-10-14,0.0,15.6,3.9,1.6,sun,2013,287,686.6999999999999
2013-10-15,0.0,15.6,5.0,0.9,sun,2013,288,686.6999999999999
2013-10-16,0.0,12.8,8.9,2.7,fog,2013,289,686.6999999999999
2013-10-17,0.0,14.4,8.9,1.7,fog,2013,290,686.6999999999999
2013-10-18,0.0,12.8,7.2,1.2,sun,2013,291,686.6999999999999
2013-10-19,0.0,10.6,7.8,1.4,sun,2013,292,686.6999999999999
2013-10-20,0.0,10.6,7.8,2.4,sun,2013,293,686.6999999999999
2013-10-21,0.0,11.7,8.3,2.5,sun,2013,294,686.6999999999999
2013-10-22,0.0,14.4,7.2,1.9,sun,2013,295,686.6999999999999
2013-10-23,0.0,12.8,6.1,0.4,sun,2013,296,686.6999999999999
2013-10-24,0.0,10.0,6.1,0.6,sun,2013,297,686.6999999999999
2013-10-25,0.0,12.2,7.8,1.8,sun,2013,298,686.6999999999999
2013-10-26,0.0,11.7,8.3,2.7,sun,2013,299,686.6999999999999
2013-10-27,1.8,13.9,8.3,4.4,fog,2013,300,688.4999999999999
2013-10-28,0.0,14.4,7.2,5.1,sun,2013,301,688.4999999999999
2013-10-29,0.0,13.3,3.3,2.2,sun,2013,302,688.4999999999999
2013-10-30,0.5,15.0,5.6,3.9,sun,2013,303,688.9999999999999
2013-10-31,0.3,14.4,10.6,2.2,fog,2013,304,689.2999999999998
2013-11-01,1.3,17.8,11.7,1.4,sun,2013,305,690.5999999999998
2013-11-02,12.7,14.4,8.3,7.9,fog,2013,306,703.2999999999998
2013-11-03,0.5,12.2,4.4,2.4,sun,2013,307,703.7999999999998
2013-11-04,0.0,10.6,3.9,1.6,drizzle,2013,308,703.7999999999998
2013-11-05,2.5,13.3,7.2,3.1,fog,2013,309,706.2999999999998
2013-11-06,3.8,12.8,7.8,1.7,sun,2013,310,710.0999999999998
2013-11-07,30.0,11.1,10.0,7.2,fog,2013,311,740.0999999999998
2013-11-08,0.0,13.3,7.2,4.1,sun,2013,312,740.0999999999998
2013-11-09,1.8,11.1,5.0,1.4,sun,2013,313,741.8999999999997
2013-11-10,0.0,11.1,8.3,4.4,sun,2013,314,741.8999999999997
2013-11-11,0.0,16.1,6.1,2.6,fog,2013,315,741.8999999999997
2013-11-12,4.1,15.6,8.9,2.2,fog,2013,316,745.9999999999998
2013-11-13,0.0,13.9,10.6,3.8,sun,2013,317,745.9999999999998
2013-11-14,1.3,11.1,6.1,1.1,fog,2013,318,747.2999999999997
2013-11-15,3.0,10.6,7.2,6.0,sun,2013,319,750.2999999999997
2013-11-16,0.0,10.0,5.0,4.6,sun,2013,320,750.2999999999997
2013-11-17,5.3,11.7,7.2,5.4,fog,2013,321,755.5999999999997
2013-11-18,26.2,12.8,9.4,3.9,fog,2013,322,781.7999999999997
2013-11-19,1.0,13.3,4.4,5.1,fog,2013,323,782.7999999999997
2013-11-20,0.0,7.8,1.7,4.3,sun,2013,324,782.7999999999997
2013-11-21,0.0,7.8,-0.5,3.6,sun,2013,325,782.7999999999997
2013-11-22,0.0,9.4,0.0,4.6,sun,2013,326,782.7999999999997
2013-11-23,0.0,11.1,1.1,2.6,sun,2013,327,782.7999999999997
2013-11-24,0.0,11.7,0.6,0.9,fog,2013,328,782.7999999999997
2013-11-25,0.0,12.2,2.2,0.5,sun,2013,329,782.7999999999997
2013-11-26,0.0,12.2,2.8,1.0,sun,2013,330,782.7999999999997
2013-11-27,0.0,14.4,5.6,1.3,sun,2013,331,782.7999999999997
2013-11-28,0.0,11.7,3.3,0.7,sun,2013,332,782.7999999999997
2013-11-29,0.5,9.4,5.0,2.1,fog,2013,333,783.2999999999997
2013-11-30,2.3,11.1,7.2,3.9,fog,2013,334,785.5999999999997
2013-12-01,3.0,13.3,7.8,8.8,fog,2013,335,788.5999999999997
2013-12-02,4.6,7.8,1.7,3.5,sun,2013,336,793.1999999999997
2013-12-03,0.0,5.0,-0.5,5.6,sun,2013,337,793.1999999999997
2013-12-04,0.0,4.4,-2.1,1.6,sun,2013,338,793.1999999999997
2013-12-05,0.0,1.1,-4.9,2.6,sun,2013,339,793.1999999999997
2013-12-06,0.0,1.1,-4.3,4.7,sun,2013,340,793.1999999999997
2013-12-07,0.0,0.0,-7.1,3.1,sun,2013,341,793.1999999999997
2013-12-08,0.0,2.2,-6.6,2.2,sun,2013,342,793.1999999999997
2013-12-09,0.0,1.1,-4.9,1.3,sun,2013,343,793.1999999999997
2013-12-10,0.0,5.6,0.6,1.5,sun,2013,344,793.1999999999997
2013-12-11,0.0,5.0,-1.6,0.8,sun,2013,345,793.1999999999997
2013-12-12,6.9,5.6,-0.5,2.3,sun,2013,346,800.0999999999997
2013-12-13,0.5,9.4,5.6,2.9,fog,2013,347,800.5999999999997
2013-12-14,0.0,9.4,6.1,3.7,sun,2013,348,800.5999999999997
2013-12-15,1.3,11.7,8.3,3.9,fog,2013,349,801.8999999999996
2013-12-16,0.3,10.0,4.4,1.0,sun,2013,350,802.1999999999996
2013-12-17,0.0,8.3,4.4,2.7,sun,2013,351,802.1999999999996
2013-12-18,1.3,7.8,2.2,2.8,fog,2013,352,803.4999999999995
2013-12-19,0.0,5.0,0.0,2.1,sun,2013,353,803.4999999999995
2013-12-20,5.6,8.3,0.6,3.7,fog,2013,354,809.0999999999996
2013-12-21,5.6,8.9,5.6,2.3,fog,2013,355,814.6999999999996
2013-12-22,10.7,10.6,8.3,4.0,fog,2013,356,825.3999999999996
2013-12-23,1.5,11.7,6.1,5.9,fog,2013,357,826.8999999999996
2013-12-24,0.0,8.3,2.8,1.7,sun,2013,358,826.8999999999996
2013-12-25,0.0,6.7,1.7,0.8,sun,2013,359,826.8999999999996
2013-12-26,0.0,6.7,0.6,0.5,sun,2013,360,826.8999999999996
2013-12-27,0.3,8.9,0.0,2.1,fog,2013,361,827.1999999999996
2013-12-28,0.0,9.4,3.3,1.3,sun,2013,362,827.1999999999996
2013-12-29,0.0,7.2,1.7,1.1,sun,2013,363,827.1999999999996
2013-12-30,0.3,8.9,4.4,2.6,sun,2013,364,827.4999999999995
2013-12-31,0.5,8.3,5.0,1.7,sun,2013,365,827.9999999999995
2014-01-01,0.0,7.2,3.3,1.2,sun,2014,1,0.0
2014-01-02,4.1,10.6,6.1,3.2,sun,2014,2,4.1
2014-01-03,1.5,8.9,2.8,2.6,fog,2014,3,5.6
2014-01-04,0.0,7.8,0.6,2.7,fog,2014,4,5.6
2014-01-05,0.0,8.3,-0.5,3.7,sun,2014,5,5.6
2014-01-06,0.3,7.8,-0.5,2.6,fog,2014,6,5.8999999999999995
2014-01-07,12.2,8.3,5.0,1.6,sun,2014,7,18.099999999999998
2014-01-08,9.7,10.0,7.2,4.6,fog,2014,8,27.799999999999997
2014-01-09,5.8,9.4,5.6,6.3,fog,2014,9,33.599999999999994
2014-01-10,4.3,12.8,8.3,7.0,sun,2014,10,37.89999999999999
2014-01-11,21.3,14.4,7.2,8.8,fog,2014,11,59.19999999999999
2014-01-12,1.5,11.1,5.6,8.1,fog,2014,12,60.69999999999999
2014-01-13,0.0,10.6,10.0,7.1,sun,2014,13,60.69999999999999
2014-01-14,0.0,11.1,7.2,1.3,sun,2014,14,60.69999999999999
2014-01-15,0.0,11.1,5.6,2.5,sun,2014,15,60.69999999999999
2014-01-16,0.0,6.7,4.4,2.7,sun,2014,16,60.69999999999999
2014-01-17,0.0,5.6,2.8,2.3,sun,2014,17,60.69999999999999
2014-01-18,0.0,9.4,0.6,2.2,sun,2014,18,60.69999999999999
2014-01-19,0.0,6.1,3.3,2.5,sun,2014,19,60.69999999999999
2014-01-20,0.0,10.0,2.8,2.2,sun,2014,20,60.69999999999999
2014-01-21,0.0,10.0,1.7,1.5,sun,2014,21,60.69999999999999
2014-01-22,0.5,9.4,5.6,2.6,sun,2014,22,61.19999999999999
2014-01-23,0.0,10.0,2.8,5.2,fog,2014,23,61.19999999999999
2014-01-24,0.0,12.8,1.1,1.9,sun,2014,24,61.19999999999999
2014-01-25,0.0,12.2,1.1,0.8,sun,2014,25,61.19999999999999
2014-01-26,0.0,8.3,0.6,1.3,sun,2014,26,61.19999999999999
2014-01-27,0.0,9.4,1.7,1.3,sun,2014,27,61.19999999999999
2014-01-28,8.9,11.1,6.1,1.6,fog,2014,28,70.1
2014-01-29,21.6,11.1,7.2,3.4,fog,2014,29,91.69999999999999
2014-01-30,0.0,8.3,6.1,6.4,sun,2014,30,91.69999999999999
2014-01-31,2.3,7.8,5.6,2.6,fog,2014,31,93.99999999999999
2014-02-01,2.0,7.8,2.8,0.8,sun,2014,32,95.99999999999999
2014-02-02,0.0,8.9,1.1,2.5,sun,2014,33,95.99999999999999
2014-02-03,0.0,5.0,0.0,4.3,sun,2014,34,95.99999999999999
2014-02-04,0.0,2.8,-2.1,4.7,sun,2014,35,95.99999999999999
2014-02-05,0.0,-0.5,-5.5,6.6,sun,2014,36,95.99999999999999
2014-02-06,0.0,-1.6,-6.0,4.5,sun,2014,37,95.99999999999999
2014-02-07,0.0,3.3,-4.9,4.2,sun,2014,38,95.99999999999999
2014-02-08,5.1,5.6,-0.5,4.6,fog,2014,39,101.09999999999998
2014-02-09,0.5,3.9,0.0,2.4,fog,2014,40,101.59999999999998
2014-02-10,18.3,10.0,2.2,4.7,fog,2014,41,119.89999999999998
2014-02-11,17.0,12.2,5.6,3.8,fog,2014,42,136.89999999999998
2014-02-12,4.6,12.2,7.2,6.4,fog,2014,43,141.49999999999997
2014-02-13,1.8,12.8,7.8,6.3,fog,2014,44,143.29999999999998
2014-02-14,9.4,11.7,6.1,6.4,fog,2014,45,152.7
2014-02-15,11.7,11.1,5.0,5.1,fog,2014,46,164.39999999999998
2014-02-16,26.4,9.4,3.9,7.9,fog,2014,47,190.79999999999998
2014-02-17,14.5,8.3,4.4,5.5,fog,2014,48,205.29999999999998
2014-02-18,15.2,8.9,5.0,6.2,fog,2014,49,220.49999999999997
2014-02-19,1.0,8.3,3.9,6.0,sun,2014,50,221.49999999999997
2014-02-20,3.0,10.0,5.6,6.9,fog,2014,51,224.49999999999997
2014-02-21,2.8,6.7,3.9,2.9,fog,2014,52,227.29999999999998
2014-02-22,2.5,5.6,2.8,3.1,fog,2014,53,229.79999999999998
2014-02-23,6.1,7.2,3.9,2.6,fog,2014,54,235.89999999999998
2014-02-24,13.0,6.7,3.3,3.2,fog,2014,55,248.89999999999998
2014-02-25,0.3,12.2,3.9,4.5,fog,2014,56,249.2
2014-02-26,0.0,13.9,5.6,2.5,sun,2014,57,249.2
2014-02-27,0.0,12.8,4.4,2.3,sun,2014,58,249.2
2014-02-28,0.0,14.4,4.4,5.9,sun,2014,59,249.2
2014-03-01,0.5,7.2,4.4,4.7,sun,2014,60,249.7
2014-03-02,19.1,11.1,2.8,5.7,fog,2014,61,268.8
2014-03-03,10.7,14.4,8.9,5.1,fog,2014,62,279.5
2014-03-04,16.5,13.9,7.8,3.9,fog,2014,63,296.0
2014-03-05,46.7,15.6,10.6,3.9,fog,2014,64,342.7
2014-03-06,3.0,13.3,10.0,6.2,fog,2014,65,345.7
2014-03-07,0.0,15.6,8.9,4.2,sun,2014,66,345.7
2014-03-08,32.3,12.8,6.7,2.7,fog,2014,67,378.0
2014-03-09,4.3,15.0,9.4,4.3,fog,2014,68,382.3
2014-03-10,18.8,12.2,6.1,2.2,fog,2014,69,401.1
2014-03-11,0.0,14.4,4.4,2.3,fog,2014,70,401.1
2014-03-12,0.0,16.1,3.3,1.9,fog,2014,71,401.1
2014-03-13,0.5,13.9,5.0,2.5,fog,2014,72,401.6
2014-03-14,6.9,14.4,8.3,6.1,fog,2014,73,408.5
2014-03-15,8.1,16.7,4.4,3.0,fog,2014,74,416.6
2014-03-16,27.7,10.6,4.4,3.8,fog,2014,75,444.3
2014-03-17,0.3,10.0,2.8,3.2,fog,2014,76,444.6
2014-03-18,0.0,10.0,3.3,1.6,sun,2014,77,444.6
2014-03-19,0.5,11.1,3.3,5.1,sun,2014,78,445.1
2014-03-20,0.0,11.1,1.7,3.0,sun,2014,79,445.1
2014-03-21,0.0,10.6,2.8,3.8,sun,2014,80,445.1
2014-03-22,0.0,11.1,1.1,1.8,sun,2014,81,445.1
2014-03-23,0.0,12.8,4.4,3.3,sun,2014,82,445.1
2014-03-24,0.0,18.9,2.8,2.2,sun,2014,83,445.1
2014-03-25,4.1,13.9,6.7,4.4,fog,2014,84,449.20000000000005
2014-03-26,3.6,11.1,5.6,2.4,fog,2014,85,452.80000000000007
2014-03-27,0.3,12.2,6.7,2.8,fog,2014,86,453.1000000000001
2014-03-28,22.1,11.7,7.2,3.9,fog,2014,87,475.2000000000001
2014-03-29,14.0,11.7,7.2,5.1,fog,2014,88,489.2000000000001
2014-03-30,0.0,11.1,5.0,5.1,sun,2014,89,489.2000000000001
2014-03-31,0.0,15.6,2.2,3.8,sun,2014,90,489.2000000000001
2014-04-01,0.0,14.4,6.7,2.8,sun,2014,91,489.2000000000001
2014-04-02,0.0,14.4,5.6,4.2,sun,2014,92,489.2000000000001
2014-04-03,2.5,13.3,6.1,3.9,sun,2014,93,491.7000000000001
2014-04-04,0.0,12.8,6.1,4.7,sun,2014,94,491.7000000000001
2014-04-05,4.6,11.7,7.8,4.3,fog,2014,95,496.3000000000001
2014-04-06,0.0,13.9,8.3,2.6,sun,2014,96,496.3000000000001
2014-04-07,0.0,21.1,9.4,2.5,sun,2014,97,496.3000000000001
2014-04-08,4.6,15.6,8.3,4.2,fog,2014,98,500.90000000000015
2014-04-09,0.0,14.4,6.7,2.9,sun,2014,99,500.90000000000015
2014-04-10,0.0,15.0,6.7,3.6,sun,2014,100,500.90000000000015
2014-04-11,0.0,17.2,5.0,2.8,sun,2014,101,500.90000000000015
2014-04-12,0.0,16.1,7.8,4.4,sun,2014,102,500.90000000000015
2014-04-13,0.0,20.6,5.6,3.1,sun,2014,103,500.90000000000015
2014-04-14,0.0,20.0,5.6,2.6,sun,2014,104,500.90000000000015
2014-04-15,0.5,14.4,7.8,4.0,sun,2014,105,501.40000000000015
2014-04-16,10.9,11.1,8.9,4.6,fog,2014,106,512.3000000000002
2014-04-17,18.5,11.7,7.2,4.7,fog,2014,107,530.8000000000002
2014-04-18,0.0,14.4,5.6,3.8,sun,2014,108,530.8000000000002
2014-04-19,13.7,11.7,5.6,4.7,fog,2014,109,544.5000000000002
2014-04-20,0.0,15.6,5.6,2.7,sun,2014,110,544.5000000000002
2014-04-21,5.1,17.2,7.8,2.5,fog,2014,111,549.6000000000003
2014-04-22,14.2,12.2,5.0,4.2,fog,2014,112,563.8000000000003
2014-04-23,8.9,11.7,6.1,5.0,fog,2014,113,572.7000000000003
2014-04-24,12.4,13.9,6.1,5.3,fog,2014,114,585.1000000000003
2014-04-25,0.0,14.4,5.6,2.3,sun,2014,115,585.1000000000003
2014-04-26,3.3,15.0,5.6,3.9,sun,2014,116,588.4000000000002
2014-04-27,6.9,11.1,6.1,5.8,fog,2014,117,595.3000000000002
2014-04-28,0.0,16.1,4.4,2.6,sun,2014,118,595.3000000000002
2014-04-29,0.0,25.0,9.4,2.3,sun,2014,119,595.3000000000002
2014-04-30,0.0,27.8,9.4,3.9,sun,2014,120,595.3000000000002
2014-05-01,0.0,29.4,11.1,3.0,sun,2014,121,595.3000000000002
2014-05-02,0.0,18.3,10.6,4.7,sun,2014,122,595.3000000000002
2014-05-03,33.3,15.0,8.9,3.4,fog,2014,123,628.6000000000001
2014-05-04,16.0,14.4,8.9,4.2,fog,2014,124,644.6000000000001
2014-05-05,5.1,15.6,9.4,3.8,fog,2014,125,649.7000000000002
2014-05-06,0.0,16.7,8.3,2.6,sun,2014,126,649.7000000000002
2014-05-07,0.0,18.3,7.2,1.7,sun,2014,127,649.7000000000002
2014-05-08,13.7,13.9,9.4,3.4,fog,2014,128,663.4000000000002
2014-05-09,2.0,13.3,7.2,5.6,sun,2014,129,665.4000000000002
2014-05-10,0.5,15.6,7.2,2.1,fog,2014,130,665.9000000000002
2014-05-11,0.0,18.9,8.3,1.7,sun,2014,131,665.9000000000002
2014-05-12,0.0,24.4,9.4,2.7,sun,2014,132,665.9000000000002
2014-05-13,0.0,26.7,12.8,3.8,sun,2014,133,665.9000000000002
2014-05-14,0.0,27.8,13.3,3.3,sun,2014,134,665.9000000000002
2014-05-15,0.0,26.7,12.8,3.0,sun,2014,135,665.9000000000002
2014-05-16,0.0,20.0,11.7,4.1,sun,2014,136,665.9000000000002
2014-05-17,0.0,20.0,11.7,3.2,sun,2014,137,665.9000000000002
2014-05-18,0.0,20.0,10.6,3.2,sun,2014,138,665.9000000000002
2014-05-19,0.0,21.1,10.0,2.2,sun,2014,139,665.9000000000002
2014-05-20,0.0,22.2,10.0,2.7,sun,2014,140,665.9000000000002
2014-05-21,0.0,20.0,10.6,1.7,sun,2014,141,665.9000000000002
2014-05-22,0.0,24.4,11.7,2.5,sun,2014,142,665.9000000000002
2014-05-23,3.8,20.0,12.8,4.0,fog,2014,143,669.7000000000002
2014-05-24,0.0,18.3,11.1,2.4,sun,2014,144,669.7000000000002
2014-05-25,5.6,15.0,10.6,1.4,fog,2014,145,675.3000000000002
2014-05-26,0.0,18.3,11.1,4.5,sun,2014,146,675.3000000000002
2014-05-27,0.0,20.0,10.0,2.5,sun,2014,147,675.3000000000002
2014-05-28,0.0,18.9,10.0,3.4,sun,2014,148,675.3000000000002
2014-05-29,0.0,18.9,11.1,4.3,sun,2014,149,675.3000000000002
2014-05-30,0.0,20.6,8.9,4.5,sun,2014,150,675.3000000000002
2014-05-31,0.0,23.3,10.0,2.2,sun,2014,151,675.3000000000002
2014-06-01,0.0,22.2,10.6,2.3,sun,2014,152,675.3000000000002
2014-06-02,0.0,23.3,11.1,2.4,sun,2014,153,675.3000000000002
2014-06-03,0.0,18.3,11.1,3.2,sun,2014,154,675.3000000000002
2014-06-04,0.0,19.4,10.0,2.6,sun,2014,155,675.3000000000002
2014-06-05,0.0,22.2,10.0,2.4,sun,2014,156,675.3000000000002
2014-06-06,0.0,25.0,10.6,3.2,sun,2014,157,675.3000000000002
2014-06-07,0.0,24.4,13.3,3.1,sun,2014,158,675.3000000000002
2014-06-08,0.0,23.3,12.2,2.1,sun,2014,159,675.3000000000002
2014-06-09,0.0,21.1,13.3,3.6,sun,2014,160,675.3000000000002
2014-06-10,0.0,20.0,12.2,2.9,sun,2014,161,675.3000000000002
2014-06-11,0.0,23.9,11.1,2.7,sun,2014,162,675.3000000000002
2014-06-12,1.8,21.7,12.2,4.0,sun,2014,163,677.1000000000001
2014-06-13,6.4,15.6,11.1,5.0,fog,2014,164,683.5000000000001
2014-06-14,0.0,17.8,11.7,3.2,sun,2014,165,683.5000000000001
2014-06-15,0.5,18.3,10.0,3.6,fog,2014,166,684.0000000000001
2014-06-16,3.6,17.8,8.9,2.4,fog,2014,167,687.6000000000001
2014-06-17,1.3,17.8,10.0,3.0,fog,2014,168,688.9000000000001
2014-06-18,0.0,18.9,11.1,2.7,sun,2014,169,688.9000000000001
2014-06-19,0.8,25.6,11.7,3.7,sun,2014,170,689.7
2014-06-20,0.3,20.0,10.0,3.4,sun,2014,171,690.0
2014-06-21,0.0,22.2,10.6,3.6,sun,2014,172,690.0
2014-06-22,0.0,25.0,11.1,2.7,sun,2014,173,690.0
2014-06-23,0.0,25.0,13.3,2.5,sun,2014,174,690.0
2014-06-24,0.0,24.4,14.4,2.5,sun,2014,175,690.0
2014-06-25,0.0,26.1,13.9,2.4,sun,2014,176,690.0
2014-06-26,0.0,21.1,14.4,4.1,sun,2014,177,690.0
2014-06-27,1.8,21.1,13.9,4.5,fog,2014,178,691.8
2014-06-28,2.3,20.0,13.3,4.3,fog,2014,179,694.0999999999999
2014-06-29,0.0,20.6,12.8,3.2,sun,2014,180,694.0999999999999
2014-06-30,0.0,25.6,12.8,4.4,sun,2014,181,694.0999999999999
2014-07-01,0.0,34.4,15.6,3.5,sun,2014,182,694.0999999999999
2014-07-02,0.0,27.2,14.4,3.6,sun,2014,183,694.0999999999999
2014-07-03,0.0,21.7,13.9,3.1,sun,2014,184,694.0999999999999
2014-07-04,0.0,23.9,13.9,3.6,sun,2014,185,694.0999999999999
2014-07-05,0.0,24.4,13.3,2.2,fog,2014,186,694.0999999999999
2014-07-06,0.0,28.9,15.0,3.0,sun,2014,187,694.0999999999999
2014-07-07,0.0,27.2,17.8,4.1,fog,2014,188,694.0999999999999
2014-07-08,0.0,30.0,15.6,3.5,sun,2014,189,694.0999999999999
2014-07-09,0.0,26.7,13.9,2.3,sun,2014,190,694.0999999999999
2014-07-10,0.0,28.9,12.8,2.2,fog,2014,191,694.0999999999999
2014-07-11,0.0,31.1,15.0,2.2,sun,2014,192,694.0999999999999
2014-07-12,0.0,32.2,16.7,2.2,sun,2014,193,694.0999999999999
2014-07-13,0.0,29.4,15.0,2.6,rain,2014,194,694.0999999999999
2014-07-14,0.0,27.8,15.0,2.8,sun,2014,195,694.0999999999999
2014-07-15,0.0,31.1,13.9,2.3,sun,2014,196,694.0999999999999
2014-07-16,0.0,31.1,14.4,2.4,sun,2014,197,694.0999999999999
2014-07-17,0.0,26.7,13.9,3.7,sun,2014,198,694.0999999999999
2014-07-18,0.0,23.9,11.7,2.8,sun,2014,199,694.0999999999999
2014-07-19,0.0,25.6,15.0,5.4,fog,2014,200,694.0999999999999
2014-07-20,0.0,19.4,14.4,2.8,sun,2014,201,694.0999999999999
2014-07-21,0.0,23.9,13.3,2.2,sun,2014,202,694.0999999999999
2014-07-22,0.3,21.1,13.3,1.1,fog,2014,203,694.3999999999999
2014-07-23,19.3,18.9,13.3,3.3,sun,2014,204,713.6999999999998
2014-07-24,0.0,20.6,12.8,4.7,sun,2014,205,713.6999999999998
2014-07-25,0.0,22.8,12.2,2.7,sun,2014,206,713.6999999999998
2014-07-26,0.0,26.1,13.3,3.6,sun,2014,207,713.6999999999998
2014-07-27,0.0,28.3,15.0,4.1,sun,2014,208,713.6999999999998
2014-07-28,0.0,30.6,15.0,3.7,sun,2014,209,713.6999999999998
2014-07-29,0.0,30.0,15.6,2.8,sun,2014,210,713.6999999999998
2014-07-30,0.0,29.4,14.4,3.4,sun,2014,211,713.6999999999998
2014-07-31,0.0,30.6,17.8,4.1,sun,2014,212,713.6999999999998
2014-08-01,0.0,28.9,15.0,3.3,sun,2014,213,713.6999999999998
2014-08-02,0.5,29.4,15.6,1.7,sun,2014,214,714.1999999999998
2014-08-03,0.0,31.7,14.4,2.6,sun,2014,215,714.1999999999998
2014-08-04,0.0,32.8,16.1,2.6,sun,2014,216,714.1999999999998
2014-08-05,0.0,25.0,13.9,2.7,sun,2014,217,714.1999999999998
2014-08-06,0.0,26.1,15.0,2.2,fog,2014,218,714.1999999999998
2014-08-07,0.0,25.6,13.3,2.4,fog,2014,219,714.1999999999998
2014-08-08,0.0,25.6,13.3,2.9,sun,2014,220,714.1999999999998
2014-08-09,0.0,27.2,15.6,4.1,sun,2014,221,714.1999999999998
2014-08-10,0.0,30.6,13.9,3.4,sun,2014,222,714.1999999999998
2014-08-11,0.5,35.6,17.8,2.6,rain,2014,223,714.6999999999998
2014-08-12,12.7,27.2,17.2,3.1,fog,2014,224,727.3999999999999
2014-08-13,21.6,23.3,15.0,2.7,fog,2014,225,748.9999999999999
2014-08-14,0.0,21.1,17.2,0.6,sun,2014,226,748.9999999999999
2014-08-15,1.0,24.4,16.7,1.5,fog,2014,227,749.9999999999999
2014-08-16,0.0,25.6,15.6,2.2,sun,2014,228,749.9999999999999
2014-08-17,0.0,27.8,15.0,2.8,sun,2014,229,749.9999999999999
2014-08-18,0.0,29.4,15.6,3.3,sun,2014,230,749.9999999999999
2014-08-19,0.0,27.2,15.6,2.4,sun,2014,231,749.9999999999999
2014-08-20,0.0,21.7,13.9,3.6,sun,2014,232,749.9999999999999
2014-08-21,0.0,21.1,11.1,1.7,sun,2014,233,749.9999999999999
2014-08-22,0.0,23.9,13.3,2.9,sun,2014,234,749.9999999999999
2014-08-23,0.0,27.8,13.9,2.0,sun,2014,235,749.9999999999999
2014-08-24,0.0,25.0,13.3,2.3,sun,2014,236,749.9999999999999
2014-08-25,0.0,28.9,14.4,2.0,sun,2014,237,749.9999999999999
2014-08-26,0.0,31.1,15.6,1.8,sun,2014,238,749.9999999999999
2014-08-27,0.0,28.9,16.1,1.6,sun,2014,239,749.9999999999999
2014-08-28,0.0,23.3,14.4,2.3,sun,2014,240,749.9999999999999
2014-08-29,0.0,22.8,15.0,3.4,sun,2014,241,749.9999999999999
2014-08-30,8.4,17.8,15.0,2.2,fog,2014,242,758.3999999999999
2014-08-31,1.3,21.1,13.9,1.9,fog,2014,243,759.6999999999998
2014-09-01,0.0,23.3,12.8,2.5,sun,2014,244,759.6999999999998
2014-09-02,3.0,20.0,13.9,4.3,fog,2014,245,762.6999999999998
2014-09-03,0.0,20.6,12.8,2.7,sun,2014,246,762.6999999999998
2014-09-04,0.0,23.9,11.1,3.1,fog,2014,247,762.6999999999998
2014-09-05,0.0,27.8,13.9,6.5,fog,2014,248,762.6999999999998
2014-09-06,0.0,32.2,15.0,2.9,sun,2014,249,762.6999999999998
2014-09-07,0.0,28.3,13.3,2.1,sun,2014,250,762.6999999999998
2014-09-08,0.0,21.1,13.3,2.8,sun,2014,251,762.6999999999998
2014-09-09,0.0,21.7,13.3,2.3,sun,2014,252,762.6999999999998
2014-09-10,0.0,22.2,12.2,3.9,sun,2014,253,762.6999999999998
2014-09-11,0.0,24.4,12.8,5.3,sun,2014,254,762.6999999999998
2014-09-12,0.0,24.4,12.8,5.9,sun,2014,255,762.6999999999998
2014-09-13,0.0,28.3,10.0,4.2,sun,2014,256,762.6999999999998
2014-09-14,0.0,30.0,11.7,1.8,sun,2014,257,762.6999999999998
2014-09-15,0.0,30.6,12.2,1.2,sun,2014,258,762.6999999999998
2014-09-16,0.0,22.2,13.9,2.8,sun,2014,259,762.6999999999998
2014-09-17,0.5,22.8,14.4,2.3,sun,2014,260,763.1999999999998
2014-09-18,0.3,19.4,15.0,3.1,fog,2014,261,763.4999999999998
2014-09-19,0.0,23.9,16.1,2.8,sun,2014,262,763.4999999999998
2014-09-20,0.0,24.4,14.4,4.4,fog,2014,263,763.4999999999998
2014-09-21,0.0,26.1,12.8,3.0,sun,2014,264,763.4999999999998
2014-09-22,0.3,22.2,15.0,2.1,fog,2014,265,763.7999999999997
2014-09-23,18.3,18.9,14.4,2.5,fog,2014,266,782.0999999999997
2014-09-24,20.3,18.9,14.4,2.7,fog,2014,267,802.3999999999996
2014-09-25,4.3,21.7,14.4,2.5,fog,2014,268,806.6999999999996
2014-09-26,8.9,20.0,13.9,3.3,fog,2014,269,815.5999999999996
2014-09-27,0.0,20.6,11.7,3.2,fog,2014,270,815.5999999999996
2014-09-28,0.0,18.9,12.2,2.0,fog,2014,271,815.5999999999996
2014-09-29,0.8,16.7,11.1,3.5,fog,2014,272,816.3999999999995
2014-09-30,0.0,19.4,12.2,2.6,sun,2014,273,816.3999999999995
2014-10-01,0.0,18.3,11.1,2.1,sun,2014,274,816.3999999999995
2014-10-02,0.0,19.4,10.0,2.0,sun,2014,275,816.3999999999995
2014-10-03,0.0,22.2,8.9,1.0,sun,2014,276,816.3999999999995
2014-10-04,0.0,21.7,12.2,1.2,sun,2014,277,816.3999999999995
2014-10-05,0.0,23.9,11.7,1.4,fog,2014,278,816.3999999999995
2014-10-06,0.0,25.6,13.3,2.5,fog,2014,279,816.3999999999995
2014-10-07,0.0,18.9,13.9,1.0,fog,2014,280,816.3999999999995
2014-10-08,0.0,20.6,12.8,1.8,fog,2014,281,816.3999999999995
2014-10-09,0.0,17.2,11.1,1.0,fog,2014,282,816.3999999999995
2014-10-10,0.3,18.3,10.0,3.8,fog,2014,283,816.6999999999995
2014-10-11,7.4,18.3,11.7,3.5,rain,2014,284,824.0999999999995
2014-10-12,0.0,17.8,11.7,2.1,sun,2014,285,824.0999999999995
2014-10-13,7.6,21.1,10.0,3.1,fog,2014,286,831.6999999999995
2014-10-14,7.1,16.7,11.7,2.2,fog,2014,287,838.7999999999995
2014-10-15,8.6,16.1,11.7,4.7,fog,2014,288,847.3999999999995
2014-10-16,0.0,20.6,11.1,3.3,sun,2014,289,847.3999999999995
2014-10-17,3.3,16.7,11.7,3.0,fog,2014,290,850.6999999999995
2014-10-18,15.0,19.4,13.9,1.9,fog,2014,291,865.6999999999995
2014-10-19,0.0,22.2,12.8,3.2,sun,2014,292,865.6999999999995
2014-10-20,11.7,16.1,12.2,3.1,fog,2014,293,877.3999999999995
2014-10-21,1.0,16.1,11.7,4.7,sun,2014,294,878.3999999999995
2014-10-22,32.0,15.6,11.7,5.0,fog,2014,295,910.3999999999995
2014-10-23,9.4,14.4,8.3,4.6,sun,2014,296,919.7999999999995
2014-10-24,4.1,14.4,8.9,3.2,sun,2014,297,923.8999999999995
2014-10-25,6.1,16.7,8.3,5.4,fog,2014,298,929.9999999999995
2014-10-26,1.5,12.8,7.8,5.0,fog,2014,299,931.4999999999995
2014-10-27,0.8,15.6,6.7,2.4,sun,2014,300,932.2999999999995
2014-10-28,12.7,15.0,9.4,3.9,fog,2014,301,944.9999999999995
2014-10-29,0.5,16.7,11.7,3.1,fog,2014,302,945.4999999999995
2014-10-30,25.4,15.6,11.1,3.2,fog,2014,303,970.8999999999995
2014-10-31,17.0,12.8,8.3,2.0,fog,2014,304,987.8999999999995
2014-11-01,0.0,11.1,7.2,1.2,fog,2014,305,987.8999999999995
2014-11-02,1.8,13.3,7.2,2.9,fog,2014,306,989.6999999999995
2014-11-03,10.9,13.9,11.1,4.8,fog,2014,307,1000.5999999999995
2014-11-04,4.1,14.4,10.6,3.3,fog,2014,308,1004.6999999999995
2014-11-05,4.8,15.0,10.6,2.1,fog,2014,309,1009.4999999999994
2014-11-06,4.1,16.7,10.6,6.7,fog,2014,310,1013.5999999999995
2014-11-07,0.0,14.4,7.2,2.3,sun,2014,311,1013.5999999999995
2014-11-08,0.0,12.8,3.9,0.8,fog,2014,312,1013.5999999999995
2014-11-09,5.1,13.3,7.8,3.0,fog,2014,313,1018.6999999999995
2014-11-10,0.0,11.1,5.6,3.9,sun,2014,314,1018.6999999999995
2014-11-11,0.0,7.8,1.1,7.7,sun,2014,315,1018.6999999999995
2014-11-12,0.0,6.7,0.0,7.6,sun,2014,316,1018.6999999999995
2014-11-13,0.0,7.2,0.6,4.7,sun,2014,317,1018.6999999999995
2014-11-14,0.0,7.2,-2.1,4.5,sun,2014,318,1018.6999999999995
2014-11-15,0.0,8.3,-1.6,4.2,sun,2014,319,1018.6999999999995
2014-11-16,0.0,9.4,-2.1,4.2,sun,2014,320,1018.6999999999995
2014-11-17,0.0,10.6,-2.1,1.9,sun,2014,321,1018.6999999999995
2014-11-18,0.0,7.2,-0.5,0.9,sun,2014,322,1018.6999999999995
2014-11-19,0.0,11.1,2.2,1.9,sun,2014,323,1018.6999999999995
2014-11-20,3.6,11.1,5.6,2.1,fog,2014,324,1022.2999999999995
2014-11-21,15.2,11.1,8.3,4.7,fog,2014,325,1037.4999999999995
2014-11-22,0.5,9.4,6.7,4.7,sun,2014,326,1037.9999999999995
2014-11-23,11.9,12.8,5.6,5.1,fog,2014,327,1049.8999999999996
2014-11-24,1.3,11.7,4.4,3.8,fog,2014,328,1051.1999999999996
2014-11-25,18.3,13.9,9.4,4.5,fog,2014,329,1069.4999999999995
2014-11-26,0.3,15.0,12.2,3.9,sun,2014,330,1069.7999999999995
2014-11-27,3.3,14.4,11.7,6.6,fog,2014,331,1073.0999999999995
2014-11-28,34.3,12.8,3.3,5.8,fog,2014,332,1107.3999999999994
2014-11-29,3.6,4.4,-4.3,5.3,fog,2014,333,1110.9999999999993
2014-11-30,0.0,2.8,-4.9,4.4,sun,2014,334,1110.9999999999993
2014-12-01,0.0,4.4,-3.2,2.2,sun,2014,335,1110.9999999999993
2014-12-02,0.0,5.6,-3.2,5.7,fog,2014,336,1110.9999999999993
2014-12-03,0.0,10.0,0.0,3.6,sun,2014,337,1110.9999999999993
2014-12-04,0.8,8.3,3.9,1.1,fog,2014,338,1111.7999999999993
2014-12-05,3.0,12.8,6.7,3.1,fog,2014,339,1114.7999999999993
2014-12-06,7.4,11.7,7.8,3.6,fog,2014,340,1122.1999999999994
2014-12-07,0.0,14.4,6.1,2.8,sun,2014,341,1122.1999999999994
2014-12-08,9.1,14.4,8.9,4.2,fog,2014,342,1131.2999999999993
2014-12-09,9.9,16.1,10.6,5.1,fog,2014,343,1141.1999999999994
2014-12-10,13.0,18.9,10.0,6.7,fog,2014,344,1154.1999999999994
2014-12-11,6.9,14.4,8.3,6.4,fog,2014,345,1161.0999999999995
2014-12-12,0.0,11.1,7.2,3.7,sun,2014,346,1161.0999999999995
2014-12-13,0.0,10.0,3.9,1.1,fog,2014,347,1161.0999999999995
2014-12-14,0.0,12.8,1.7,3.5,fog,2014,348,1161.0999999999995
2014-12-15,0.0,12.2,6.7,5.9,sun,2014,349,1161.0999999999995
2014-12-16,0.0,10.0,8.3,4.0,sun,2014,350,1161.0999999999995
2014-12-17,2.8,8.9,6.1,1.6,fog,2014,351,1163.8999999999994
2014-12-18,13.0,9.4,6.7,3.1,fog,2014,352,1176.8999999999994
2014-12-19,3.0,11.1,7.2,4.3,sun,2014,353,1179.8999999999994
2014-12-20,19.6,12.8,6.7,5.5,fog,2014,354,1199.4999999999993
2014-12-21,0.0,12.8,10.0,5.2,sun,2014,355,1199.4999999999993
2014-12-22,0.0,10.6,6.1,1.5,sun,2014,356,1199.4999999999993
2014-12-23,20.6,12.2,5.0,3.8,fog,2014,357,1220.0999999999992
2014-12-24,5.3,7.2,3.9,1.8,fog,2014,358,1225.3999999999992
2014-12-25,0.0,7.8,2.8,2.2,fog,2014,359,1225.3999999999992
2014-12-26,0.0,5.6,1.7,1.2,fog,2014,360,1225.3999999999992
2014-12-27,3.3,9.4,4.4,4.9,fog,2014,361,1228.6999999999991
2014-12-28,4.1,6.7,2.8,1.8,fog,2014,362,1232.799999999999
2014-12-29,0.0,6.1,0.6,4.3,fog,2014,363,1232.799999999999
2014-12-30,0.0,3.3,-2.1,3.6,sun,2014,364,1232.799999999999
2014-12-31,0.0,3.3,-2.7,3.0,sun,2014,365,1232.799999999999
2015-01-01,0.0,5.6,-3.2,1.2,sun,2015,1,0.0
2015-01-02,1.5,5.6,0.0,2.3,fog,2015,2,1.5
2015-01-03,0.0,5.0,1.7,1.7,fog,2015,3,1.5
2015-01-04,10.2,10.6,3.3,4.5,fog,2015,4,11.7
2015-01-05,8.1,12.2,9.4,6.4,fog,2015,5,19.799999999999997
2015-01-06,0.0,12.2,6.1,1.3,fog,2015,6,19.799999999999997
2015-01-07,0.0,7.8,5.6,1.6,fog,2015,7,19.799999999999997
2015-01-08,0.0,7.8,1.7,2.6,fog,2015,8,19.799999999999997
2015-01-09,0.3,10.0,3.3,0.6,fog,2015,9,20.099999999999998
2015-01-10,5.8,7.8,6.1,0.5,fog,2015,10,25.9
2015-01-11,1.5,9.4,7.2,1.1,fog,2015,11,27.4
2015-01-12,0.0,11.1,4.4,1.6,fog,2015,12,27.4
2015-01-13,0.0,9.4,2.8,2.7,fog,2015,13,27.4
2015-01-14,0.0,6.1,0.6,2.8,fog,2015,14,27.4
2015-01-15,9.7,7.8,1.1,3.2,fog,2015,15,37.099999999999994
2015-01-16,0.0,11.7,5.6,4.5,fog,2015,16,37.099999999999994
2015-01-17,26.2,13.3,3.3,2.8,fog,2015,17,63.3
2015-01-18,21.3,13.9,7.2,6.6,rain,2015,18,84.6
2015-01-19,0.5,10.0,6.1,2.8,sun,2015,19,85.1
2015-01-20,0.0,10.0,3.3,3.0,fog,2015,20,85.1
2015-01-21,0.0,7.2,-0.5,1.3,fog,2015,21,85.1
2015-01-22,0.8,9.4,6.1,1.3,fog,2015,22,85.89999999999999
2015-01-23,5.8,12.2,8.3,2.6,fog,2015,23,91.69999999999999
2015-01-24,0.5,14.4,11.1,3.3,fog,2015,24,92.19999999999999
2015-01-25,0.0,17.2,7.2,1.4,fog,2015,25,92.19999999999999
2015-01-26,0.0,16.1,6.1,2.2,fog,2015,26,92.19999999999999
2015-01-27,0.8,11.1,8.3,2.0,fog,2015,27,92.99999999999999
2015-01-28,0.0,12.2,5.0,1.8,fog,2015,28,92.99999999999999
2015-01-29,0.0,12.2,3.3,2.9,sun,2015,29,92.99999999999999
2015-01-30,0.0,8.3,1.1,0.8,fog,2015,30,92.99999999999999
2015-01-31,0.0,7.2,3.3,1.9,fog,2015,31,92.99999999999999
2015-02-01,1.5,9.4,4.4,2.6,fog,2015,32,94.49999999999999
2015-02-02,7.4,11.1,5.0,4.0,fog,2015,33,101.89999999999999
2015-02-03,1.3,10.0,5.6,1.9,fog,2015,34,103.19999999999999
2015-02-04,8.4,10.6,4.4,1.7,fog,2015,35,111.6
2015-02-05,26.2,13.3,8.3,4.6,fog,2015,36,137.79999999999998
2015-02-06,17.3,14.4,10.0,4.5,fog,2015,37,155.1
2015-02-07,23.6,12.2,9.4,4.6,fog,2015,38,178.7
2015-02-08,3.6,15.0,8.3,3.9,fog,2015,39,182.29999999999998
2015-02-09,6.1,13.3,8.3,2.5,fog,2015,40,188.39999999999998
2015-02-10,0.3,12.8,8.3,4.0,fog,2015,41,188.7
2015-02-11,0.0,12.8,5.6,1.0,fog,2015,42,188.7
2015-02-12,1.0,16.7,9.4,2.1,sun,2015,43,189.7
2015-02-13,0.0,15.6,6.7,1.7,fog,2015,44,189.7
2015-02-14,0.3,14.4,6.7,2.9,fog,2015,45,190.0
2015-02-15,0.0,12.2,3.9,4.8,sun,2015,46,190.0
2015-02-16,0.0,15.0,5.6,6.6,fog,2015,47,190.0
2015-02-17,0.0,16.1,4.4,4.0,sun,2015,48,190.0
2015-02-18,0.0,12.2,4.4,2.6,sun,2015,49,190.0
2015-02-19,4.6,10.6,8.3,2.2,fog,2015,50,194.6
2015-02-20,0.8,11.1,7.2,0.9,fog,2015,51,195.4
2015-02-21,0.0,12.2,5.6,4.5,sun,2015,52,195.4
2015-02-22,0.0,11.7,3.3,4.2,sun,2015,53,195.4
2015-02-23,0.0,12.8,0.6,1.4,sun,2015,54,195.4
2015-02-24,0.0,11.1,2.2,1.5,sun,2015,55,195.4
2015-02-25,4.1,10.0,6.7,1.0,fog,2015,56,199.5
2015-02-26,9.4,11.7,7.8,1.4,fog,2015,57,208.9
2015-02-27,18.3,10.0,6.7,4.0,fog,2015,58,227.20000000000002
2015-02-28,0.0,12.2,3.3,5.1,sun,2015,59,227.20000000000002
2015-03-01,0.0,11.1,1.1,2.2,sun,2015,60,227.20000000000002
2015-03-02,0.0,11.1,4.4,4.8,sun,2015,61,227.20000000000002
2015-03-03,0.0,10.6,0.0,2.1,sun,2015,62,227.20000000000002
2015-03-04,0.0,12.8,-0.5,1.8,sun,2015,63,227.20000000000002
2015-03-05,0.0,13.3,2.8,1.3,sun,2015,64,227.20000000000002
2015-03-06,0.0,15.0,3.3,1.4,sun,2015,65,227.20000000000002
2015-03-07,0.0,16.7,3.9,2.7,fog,2015,66,227.20000000000002
2015-03-08,0.0,17.2,3.9,1.7,fog,2015,67,227.20000000000002
2015-03-09,0.0,14.4,4.4,1.8,fog,2015,68,227.20000000000002
2015-03-10,0.8,13.3,5.0,2.6,fog,2015,69,228.00000000000003
2015-03-11,2.5,14.4,8.9,3.1,fog,2015,70,230.50000000000003
2015-03-12,0.0,17.8,9.4,3.2,sun,2015,71,230.50000000000003
2015-03-13,2.0,17.2,7.8,2.2,sun,2015,72,232.50000000000003
2015-03-14,17.0,13.9,9.4,3.8,fog,2015,73,249.50000000000003
2015-03-15,55.9,10.6,6.1,4.2,fog,2015,74,305.40000000000003
2015-03-16,1.0,13.9,6.1,3.0,fog,2015,75,306.40000000000003
2015-03-17,0.8,13.3,4.4,2.6,sun,2015,76,307.20000000000005
2015-03-18,0.0,15.6,7.2,2.5,sun,2015,77,307.20000000000005
2015-03-19,0.0,15.6,8.3,1.9,sun,2015,78,307.20000000000005
2015-03-20,4.1,13.9,8.9,1.9,sun,2015,79,311.30000000000007
2015-03-21,3.8,13.3,8.3,4.7,fog,2015,80,315.1000000000001
2015-03-22,1.0,11.7,6.1,2.3,sun,2015,81,316.1000000000001
2015-03-23,8.1,11.1,5.6,2.8,fog,2015,82,324.2000000000001
2015-03-24,7.6,12.8,6.1,3.9,fog,2015,83,331.8000000000001
2015-03-25,5.1,14.4,7.2,4.4,fog,2015,84,336.90000000000015
2015-03-26,0.0,20.6,10.0,2.2,sun,2015,85,336.90000000000015
2015-03-27,1.0,18.3,8.9,4.0,fog,2015,86,337.90000000000015
2015-03-28,0.0,15.6,9.4,5.7,sun,2015,87,337.90000000000015
2015-03-29,0.0,15.6,8.9,3.0,sun,2015,88,337.90000000000015
2015-03-30,1.8,17.8,10.6,2.9,fog,2015,89,339.70000000000016
2015-03-31,1.0,12.8,6.1,4.2,fog,2015,90,340.70000000000016
2015-04-01,5.1,12.8,5.6,3.2,rain,2015,91,345.8000000000002
2015-04-02,0.0,13.3,5.6,2.4,sun,2015,92,345.8000000000002
2015-04-03,1.5,11.1,5.0,3.6,fog,2015,93,347.3000000000002
2015-04-04,0.0,12.8,3.9,1.7,sun,2015,94,347.3000000000002
2015-04-05,0.0,16.7,2.8,2.4,sun,2015,95,347.3000000000002
2015-04-06,1.0,13.9,6.7,3.5,sun,2015,96,348.3000000000002
2015-04-07,0.5,14.4,6.7,3.9,sun,2015,97,348.8000000000002
2015-04-08,0.0,17.2,6.1,1.7,sun,2015,98,348.8000000000002
2015-04-09,0.0,17.2,6.1,2.3,sun,2015,99,348.8000000000002
2015-04-10,10.9,13.9,7.8,4.6,fog,2015,100,359.70000000000016
2015-04-11,0.0,11.7,5.6,6.5,sun,2015,101,359.70000000000016
2015-04-12,0.0,13.3,5.6,3.6,sun,2015,102,359.70000000000016
2015-04-13,14.0,11.7,3.9,3.6,fog,2015,103,373.70000000000016
2015-04-14,3.3,11.7,2.8,3.3,sun,2015,104,377.00000000000017
2015-04-15,0.0,13.9,3.3,2.4,sun,2015,105,377.00000000000017
2015-04-16,0.0,17.8,3.9,3.1,sun,2015,106,377.00000000000017
2015-04-17,0.0,18.9,6.1,3.6,sun,2015,107,377.00000000000017
2015-04-18,0.0,18.9,8.3,3.9,sun,2015,108,377.00000000000017
2015-04-19,0.0,21.1,8.3,3.6,sun,2015,109,377.00000000000017
2015-04-20,0.0,22.8,7.8,2.6,sun,2015,110,377.00000000000017
2015-04-21,5.6,17.2,6.7,3.4,fog,2015,111,382.6000000000002
2015-04-22,0.0,15.6,5.0,2.3,sun,2015,112,382.6000000000002
2015-04-23,3.0,12.2,6.7,4.1,fog,2015,113,385.6000000000002
2015-04-24,3.3,12.2,6.1,5.0,fog,2015,114,388.9000000000002
2015-04-25,1.3,13.3,5.6,3.0,fog,2015,115,390.2000000000002
2015-04-26,0.0,15.6,4.4,2.7,fog,2015,116,390.2000000000002
2015-04-27,0.3,25.0,10.6,2.3,fog,2015,117,390.5000000000002
2015-04-28,1.8,15.6,8.9,4.3,fog,2015,118,392.30000000000024
2015-04-29,0.0,16.1,7.2,4.7,sun,2015,119,392.30000000000024
2015-04-30,0.0,17.2,7.8,2.1,sun,2015,120,392.30000000000024
2015-05-01,0.0,18.3,8.9,3.7,sun,2015,121,392.30000000000024
2015-05-02,0.0,18.3,7.8,3.7,sun,2015,122,392.30000000000024
2015-05-03,0.0,20.6,7.8,2.6,sun,2015,123,392.30000000000024
2015-05-04,0.0,17.2,7.2,5.2,sun,2015,124,392.30000000000024
2015-05-05,6.1,14.4,7.2,5.1,fog,2015,125,398.40000000000026
2015-05-06,0.0,16.7,7.2,2.6,fog,2015,126,398.40000000000026
2015-05-07,0.0,20.6,6.1,3.0,sun,2015,127,398.40000000000026
2015-05-08,0.0,23.9,8.3,3.0,sun,2015,128,398.40000000000026
2015-05-09,0.0,26.7,9.4,2.6,sun,2015,129,398.40000000000026
2015-05-10,0.0,19.4,11.1,2.8,sun,2015,130,398.40000000000026
2015-05-11,0.0,13.9,10.0,2.5,fog,2015,131,398.40000000000026
2015-05-12,4.3,15.6,10.6,3.3,fog,2015,132,402.7000000000003
2015-05-13,4.1,12.2,10.0,2.8,fog,2015,133,406.8000000000003
2015-05-14,0.3,17.8,9.4,2.0,fog,2015,134,407.1000000000003
2015-05-15,0.0,20.0,9.4,2.8,fog,2015,135,407.1000000000003
2015-05-16,0.0,15.6,11.1,3.0,sun,2015,136,407.1000000000003
2015-05-17,0.0,19.4,10.6,2.1,sun,2015,137,407.1000000000003
2015-05-18,0.0,25.6,12.2,3.0,sun,2015,138,407.1000000000003
2015-05-19,0.0,21.7,11.7,2.6,sun,2015,139,407.1000000000003
2015-05-20,0.0,23.3,10.6,1.8,fog,2015,140,407.1000000000003
2015-05-21,0.0,25.6,11.7,2.1,sun,2015,141,407.1000000000003
2015-05-22,0.0,16.7,11.7,3.7,sun,2015,142,407.1000000000003
2015-05-23,0.0,16.1,11.7,2.6,sun,2015,143,407.1000000000003
2015-05-24,0.0,17.8,11.1,2.7,sun,2015,144,407.1000000000003
2015-05-25,0.0,15.6,11.1,2.7,sun,2015,145,407.1000000000003
2015-05-26,0.0,21.7,11.7,2.1,sun,2015,146,407.1000000000003
2015-05-27,0.0,24.4,11.7,1.8,sun,2015,147,407.1000000000003
2015-05-28,0.0,27.8,12.2,2.1,sun,2015,148,407.1000000000003
2015-05-29,0.0,26.1,12.8,2.5,sun,2015,149,407.1000000000003
2015-05-30,0.0,22.8,10.0,2.5,sun,2015,150,407.1000000000003
2015-05-31,0.0,25.0,11.7,2.2,sun,2015,151,407.1000000000003
2015-06-01,4.6,16.1,11.7,3.4,fog,2015,152,411.70000000000033
2015-06-02,0.5,17.8,12.8,5.0,sun,2015,153,412.20000000000033
2015-06-03,0.0,20.0,11.7,3.0,sun,2015,154,412.20000000000033
2015-06-04,0.0,22.8,11.7,3.9,sun,2015,155,412.20000000000033
2015-06-05,0.0,26.7,12.8,4.3,sun,2015,156,412.20000000000033
2015-06-06,0.0,29.4,13.3,2.6,sun,2015,157,412.20000000000033
2015-06-07,0.0,31.1,15.6,3.2,sun,2015,158,412.20000000000033
2015-06-08,0.0,30.6,14.4,3.5,sun,2015,159,412.20000000000033
2015-06-09,0.0,28.9,14.4,2.7,sun,2015,160,412.20000000000033
2015-06-10,0.0,25.6,11.1,3.0,sun,2015,161,412.20000000000033
2015-06-11,0.0,24.4,11.1,3.5,sun,2015,162,412.20000000000033
2015-06-12,0.0,20.0,11.7,2.3,sun,2015,163,412.20000000000033
2015-06-13,0.0,23.9,9.4,2.6,sun,2015,164,412.20000000000033
2015-06-14,0.0,27.8,11.7,3.7,sun,2015,165,412.20000000000033
2015-06-15,0.0,30.0,16.1,3.5,drizzle,2015,166,412.20000000000033
2015-06-16,0.0,22.8,11.1,3.0,sun,2015,167,412.20000000000033
2015-06-17,0.0,25.0,11.1,3.1,sun,2015,168,412.20000000000033
2015-06-18,0.0,24.4,13.9,3.0,sun,2015,169,412.20000000000033
2015-06-19,0.5,23.9,13.3,3.2,fog,2015,170,412.70000000000033
2015-06-20,0.0,25.0,12.8,4.3,sun,2015,171,412.70000000000033
2015-06-21,0.0,25.6,13.9,3.4,sun,2015,172,412.70000000000033
2015-06-22,0.0,25.0,12.8,2.4,sun,2015,173,412.70000000000033
2015-06-23,0.0,26.1,11.7,2.4,sun,2015,174,412.70000000000033
2015-06-24,0.0,25.6,16.1,2.6,sun,2015,175,412.70000000000033
2015-06-25,0.0,30.6,15.6,3.0,sun,2015,176,412.70000000000033
2015-06-26,0.0,31.7,17.8,4.7,sun,2015,177,412.70000000000033
2015-06-27,0.0,33.3,17.2,3.9,sun,2015,178,412.70000000000033
2015-06-28,0.3,28.3,18.3,2.1,sun,2015,179,413.00000000000034
2015-06-29,0.0,28.9,17.2,2.7,sun,2015,180,413.00000000000034
2015-06-30,0.0,30.6,15.0,3.4,fog,2015,181,413.00000000000034
2015-07-01,0.0,32.2,17.2,4.3,sun,2015,182,413.00000000000034
2015-07-02,0.0,33.9,17.8,3.4,sun,2015,183,413.00000000000034
2015-07-03,0.0,33.3,17.8,2.6,sun,2015,184,413.00000000000034
2015-07-04,0.0,33.3,15.0,2.9,sun,2015,185,413.00000000000034
2015-07-05,0.0,32.8,16.7,2.1,sun,2015,186,413.00000000000034
2015-07-06,0.0,29.4,15.6,3.2,drizzle,2015,187,413.00000000000034
2015-07-07,0.0,27.2,13.9,2.4,sun,2015,188,413.00000000000034
2015-07-08,0.0,30.0,14.4,1.9,drizzle,2015,189,413.00000000000034
2015-07-09,0.0,28.9,14.4,3.4,sun,2015,190,413.00000000000034
2015-07-10,0.0,21.1,16.7,3.7,sun,2015,191,413.00000000000034
2015-07-11,0.0,22.2,16.7,3.0,sun,2015,192,413.00000000000034
2015-07-12,0.0,26.1,16.7,2.2,sun,2015,193,413.00000000000034
2015-07-13,0.0,25.6,16.1,3.1,sun,2015,194,413.00000000000034
2015-07-14,0.0,27.8,16.1,3.3,sun,2015,195,413.00000000000034
2015-07-15,0.0,26.1,14.4,3.2,sun,2015,196,413.00000000000034
2015-07-16,0.0,26.1,15.0,2.8,sun,2015,197,413.00000000000034
2015-07-17,0.0,27.8,13.9,3.3,sun,2015,198,413.00000000000034
2015-07-18,0.0,33.3,17.8,3.4,sun,2015,199,413.00000000000034
2015-07-19,0.0,35.0,17.2,3.3,sun,2015,200,413.00000000000034
2015-07-20,0.0,26.7,16.7,3.9,sun,2015,201,413.00000000000034
2015-07-21,0.0,23.9,15.0,2.4,sun,2015,202,413.00000000000034
2015-07-22,0.0,23.9,13.9,2.8,sun,2015,203,413.00000000000034
2015-07-23,0.0,26.1,14.4,1.9,sun,2015,204,413.00000000000034
2015-07-24,0.3,22.8,13.3,3.8,fog,2015,205,413.30000000000035
2015-07-25,0.0,21.1,14.4,2.4,fog,2015,206,413.30000000000035
2015-07-26,2.0,22.2,13.9,2.6,fog,2015,207,415.30000000000035
2015-07-27,0.0,23.3,12.2,1.9,fog,2015,208,415.30000000000035
2015-07-28,0.0,27.8,13.9,3.4,sun,2015,209,415.30000000000035
2015-07-29,0.0,32.2,14.4,3.8,sun,2015,210,415.30000000000035
2015-07-30,0.0,34.4,17.2,3.5,sun,2015,211,415.30000000000035
2015-07-31,0.0,34.4,17.8,2.6,sun,2015,212,415.30000000000035
2015-08-01,0.0,33.3,15.6,3.1,sun,2015,213,415.30000000000035
2015-08-02,0.0,30.6,16.1,2.0,sun,2015,214,415.30000000000035
2015-08-03,0.0,28.3,17.2,2.3,sun,2015,215,415.30000000000035
2015-08-04,0.0,26.1,14.4,2.6,fog,2015,216,415.30000000000035
2015-08-05,0.0,23.3,12.2,3.5,sun,2015,217,415.30000000000035
2015-08-06,0.0,25.0,15.0,2.9,sun,2015,218,415.30000000000035
2015-08-07,0.0,28.3,15.6,3.7,sun,2015,219,415.30000000000035
2015-08-08,0.0,25.0,15.6,3.6,fog,2015,220,415.30000000000035
2015-08-09,0.0,28.3,15.0,2.2,sun,2015,221,415.30000000000035
2015-08-10,0.0,28.9,16.1,2.4,sun,2015,222,415.30000000000035
2015-08-11,0.0,30.0,16.7,4.4,sun,2015,223,415.30000000000035
2015-08-12,7.6,28.3,16.7,2.7,rain,2015,224,422.9000000000004
2015-08-13,0.0,28.3,15.6,2.2,sun,2015,225,422.9000000000004
2015-08-14,30.5,18.3,15.0,5.2,rain,2015,226,453.4000000000004
2015-08-15,0.0,21.7,13.9,3.7,sun,2015,227,453.4000000000004
2015-08-16,0.0,25.0,14.4,3.7,sun,2015,228,453.4000000000004
2015-08-17,0.0,27.2,13.9,3.0,sun,2015,229,453.4000000000004
2015-08-18,0.0,30.0,15.0,3.0,sun,2015,230,453.4000000000004
2015-08-19,0.0,31.7,16.1,2.1,drizzle,2015,231,453.4000000000004
2015-08-20,2.0,22.8,14.4,4.2,fog,2015,232,455.4000000000004
2015-08-21,0.0,22.2,14.4,2.6,sun,2015,233,455.4000000000004
2015-08-22,0.0,26.7,12.2,2.5,drizzle,2015,234,455.4000000000004
2015-08-23,0.0,27.8,13.9,1.8,drizzle,2015,235,455.4000000000004
2015-08-24,0.0,23.9,12.2,2.3,sun,2015,236,455.4000000000004
2015-08-25,0.0,25.6,12.2,3.4,sun,2015,237,455.4000000000004
2015-08-26,0.0,28.3,13.9,1.7,sun,2015,238,455.4000000000004
2015-08-27,0.0,29.4,14.4,2.1,sun,2015,239,455.4000000000004
2015-08-28,0.5,23.3,15.6,2.6,fog,2015,240,455.9000000000004
2015-08-29,32.5,22.2,13.3,5.8,fog,2015,241,488.4000000000004
2015-08-30,10.2,20.0,12.8,4.7,fog,2015,242,498.60000000000036
2015-08-31,0.0,18.9,16.1,5.8,sun,2015,243,498.60000000000036
2015-09-01,5.8,19.4,13.9,5.0,fog,2015,244,504.4000000000004
2015-09-02,0.0,19.4,11.1,3.8,sun,2015,245,504.4000000000004
2015-09-03,0.0,18.3,10.6,2.9,sun,2015,246,504.4000000000004
2015-09-04,0.0,18.3,10.0,2.9,sun,2015,247,504.4000000000004
2015-09-05,0.3,20.6,8.9,3.5,sun,2015,248,504.7000000000004
2015-09-06,5.3,16.1,11.7,2.4,fog,2015,249,510.0000000000004
2015-09-07,0.3,21.1,13.3,1.5,fog,2015,250,510.3000000000004
2015-09-08,0.0,22.8,13.3,2.4,sun,2015,251,510.3000000000004
2015-09-09,0.0,24.4,13.9,3.3,sun,2015,252,510.3000000000004
2015-09-10,0.0,25.0,14.4,3.6,fog,2015,253,510.3000000000004
2015-09-11,0.0,27.2,15.0,3.1,sun,2015,254,510.3000000000004
2015-09-12,0.0,26.7,14.4,2.1,sun,2015,255,510.3000000000004
2015-09-13,0.5,20.6,12.8,3.0,fog,2015,256,510.8000000000004
2015-09-14,0.0,16.7,10.6,3.4,sun,2015,257,510.8000000000004
2015-09-15,0.0,17.8,10.0,2.8,sun,2015,258,510.8000000000004
2015-09-16,1.0,20.0,10.0,1.9,sun,2015,259,511.8000000000004
2015-09-17,1.8,18.3,12.8,3.8,fog,2015,260,513.6000000000004
2015-09-18,0.0,19.4,12.8,2.6,sun,2015,261,513.6000000000004
2015-09-19,0.0,21.1,14.4,4.3,sun,2015,262,513.6000000000004
2015-09-20,4.1,22.8,12.2,6.8,fog,2015,263,517.7000000000004
2015-09-21,0.0,18.3,9.4,2.7,fog,2015,264,517.7000000000004
2015-09-22,0.0,18.9,7.8,2.0,sun,2015,265,517.7000000000004
2015-09-23,0.0,20.6,8.3,1.8,sun,2015,266,517.7000000000004
2015-09-24,0.0,22.2,11.1,2.5,fog,2015,267,517.7000000000004
2015-09-25,2.0,15.6,12.8,2.6,fog,2015,268,519.7000000000004
2015-09-26,0.0,18.3,10.0,2.7,sun,2015,269,519.7000000000004
2015-09-27,0.0,17.8,7.2,3.8,sun,2015,270,519.7000000000004
2015-09-28,0.0,21.1,9.4,5.1,sun,2015,271,519.7000000000004
2015-09-29,0.0,21.7,8.9,1.9,sun,2015,272,519.7000000000004
2015-09-30,0.0,18.3,10.0,1.3,fog,2015,273,519.7000000000004
2015-10-01,0.0,21.1,9.4,1.3,fog,2015,274,519.7000000000004
2015-10-02,0.0,15.6,10.0,2.9,fog,2015,275,519.7000000000004
2015-10-03,0.0,19.4,11.1,4.8,sun,2015,276,519.7000000000004
2015-10-04,0.0,22.8,10.0,3.7,sun,2015,277,519.7000000000004
2015-10-05,0.0,23.3,9.4,1.6,sun,2015,278,519.7000000000004
2015-10-06,0.0,18.3,10.0,2.6,drizzle,2015,279,519.7000000000004
2015-10-07,9.9,16.1,13.9,2.2,fog,2015,280,529.6000000000004
2015-10-08,0.0,18.9,13.3,1.1,fog,2015,281,529.6000000000004
2015-10-09,0.3,19.4,12.2,2.6,fog,2015,282,529.9000000000003
2015-10-10,28.7,21.1,13.3,4.7,fog,2015,283,558.6000000000004
2015-10-11,0.0,17.8,10.6,2.6,sun,2015,284,558.6000000000004
2015-10-12,4.6,18.3,10.6,2.8,fog,2015,285,563.2000000000004
2015-10-13,1.3,16.7,9.4,3.2,fog,2015,286,564.5000000000003
2015-10-14,0.0,15.0,10.0,5.0,fog,2015,287,564.5000000000003
2015-10-15,0.0,21.1,9.4,3.4,fog,2015,288,564.5000000000003
2015-10-16,0.0,20.0,8.9,1.3,sun,2015,289,564.5000000000003
2015-10-17,0.3,19.4,11.7,1.3,fog,2015,290,564.8000000000003
2015-10-18,3.8,15.0,12.8,2.0,fog,2015,291,568.6000000000003
2015-10-19,0.3,17.2,12.2,2.6,fog,2015,292,568.9000000000002
2015-10-20,0.0,17.8,10.6,1.8,fog,2015,293,568.9000000000002
2015-10-21,0.0,16.1,8.3,1.3,fog,2015,294,568.9000000000002
2015-10-22,0.0,16.1,8.9,2.7,fog,2015,295,568.9000000000002
2015-10-23,0.0,12.8,7.2,2.6,fog,2015,296,568.9000000000002
2015-10-24,0.0,15.0,8.9,2.9,fog,2015,297,568.9000000000002
2015-10-25,8.9,19.4,8.9,3.4,rain,2015,298,577.8000000000002
2015-10-26,6.9,12.2,10.0,4.6,fog,2015,299,584.7000000000002
2015-10-27,0.0,16.1,7.8,1.7,fog,2015,300,584.7000000000002
2015-10-28,3.3,13.9,11.1,2.8,fog,2015,301,588.0000000000001
2015-10-29,1.8,15.0,12.2,4.7,fog,2015,302,589.8000000000001
2015-10-30,19.3,17.2,11.7,6.7,fog,2015,303,609.1
2015-10-31,33.0,15.6,11.7,7.2,fog,2015,304,642.1
2015-11-01,26.2,12.2,8.9,6.0,fog,2015,305,668.3000000000001
2015-11-02,0.3,11.1,7.2,2.8,fog,2015,306,668.6
2015-11-03,0.8,10.6,5.0,1.4,fog,2015,307,669.4
2015-11-04,0.0,10.0,3.3,2.2,sun,2015,308,669.4
2015-11-05,1.3,11.7,7.8,2.3,fog,2015,309,670.6999999999999
2015-11-06,0.0,15.6,8.3,2.7,fog,2015,310,670.6999999999999
2015-11-07,12.7,12.2,9.4,3.0,fog,2015,311,683.4
2015-11-08,6.6,11.1,7.8,1.8,fog,2015,312,690.0
2015-11-09,3.3,10.0,5.0,1.3,fog,2015,313,693.3
2015-11-10,1.3,11.1,3.9,3.9,fog,2015,314,694.5999999999999
2015-11-11,1.5,11.1,6.1,4.6,sun,2015,315,696.0999999999999
2015-11-12,9.9,11.1,5.0,5.1,fog,2015,316,705.9999999999999
2015-11-13,33.5,13.3,9.4,6.5,fog,2015,317,739.4999999999999
2015-11-14,47.2,9.4,6.1,4.5,fog,2015,318,786.6999999999999
2015-11-15,22.4,8.9,2.2,4.1,fog,2015,319,809.0999999999999
2015-11-16,2.0,8.9,1.7,4.0,fog,2015,320,811.0999999999999
2015-11-17,29.5,13.3,6.7,8.0,fog,2015,321,840.5999999999999
2015-11-18,1.5,8.9,3.3,3.8,sun,2015,322,842.0999999999999
2015-11-19,2.0,8.9,2.8,4.2,sun,2015,323,844.0999999999999
2015-11-20,0.0,8.3,0.6,4.0,fog,2015,324,844.0999999999999
2015-11-21,0.0,8.9,0.6,4.7,sun,2015,325,844.0999999999999
2015-11-22,0.0,10.0,1.7,3.1,fog,2015,326,844.0999999999999
2015-11-23,3.0,6.7,0.0,1.3,fog,2015,327,847.0999999999999
2015-11-24,7.1,6.7,2.8,4.5,fog,2015,328,854.1999999999999
2015-11-25,0.0,7.2,0.0,5.7,sun,2015,329,854.1999999999999
2015-11-26,0.0,9.4,-1.0,4.3,sun,2015,330,854.1999999999999
2015-11-27,0.0,9.4,-1.6,3.0,sun,2015,331,854.1999999999999
2015-11-28,0.0,7.2,-2.7,1.0,sun,2015,332,854.1999999999999
2015-11-29,0.0,1.7,-2.1,0.9,fog,2015,333,854.1999999999999
2015-11-30,0.5,5.6,-3.8,1.7,fog,2015,334,854.6999999999999
2015-12-01,12.2,10.0,3.9,3.5,fog,2015,335,866.9
2015-12-02,2.5,10.6,4.4,5.0,fog,2015,336,869.4
2015-12-03,12.7,15.6,7.8,5.9,fog,2015,337,882.1
2015-12-04,2.0,10.6,6.1,4.7,fog,2015,338,884.1
2015-12-05,15.7,10.0,6.1,4.0,fog,2015,339,899.8000000000001
2015-12-06,11.2,12.8,7.2,5.9,fog,2015,340,911.0000000000001
2015-12-07,27.4,11.1,8.3,3.4,fog,2015,341,938.4000000000001
2015-12-08,54.1,15.6,10.0,6.2,fog,2015,342,992.5000000000001
2015-12-09,13.5,12.2,7.8,6.3,fog,2015,343,1006.0000000000001
2015-12-10,9.4,11.7,6.1,7.5,fog,2015,344,1015.4000000000001
2015-12-11,0.3,9.4,4.4,2.8,sun,2015,345,1015.7
2015-12-12,16.0,8.9,5.6,5.6,fog,2015,346,1031.7
2015-12-13,1.3,7.8,6.1,6.1,sun,2015,347,1033.0
2015-12-14,0.0,7.8,1.7,1.7,sun,2015,348,1033.0
2015-12-15,1.5,6.7,1.1,2.9,fog,2015,349,1034.5
2015-12-16,3.6,6.1,2.8,2.3,fog,2015,350,1038.1
2015-12-17,21.8,6.7,3.9,6.0,fog,2015,351,1059.8999999999999
2015-12-18,18.5,8.9,4.4,5.1,fog,2015,352,1078.3999999999999
2015-12-19,0.0,8.3,2.8,4.1,fog,2015,353,1078.3999999999999
2015-12-20,4.3,7.8,4.4,6.7,fog,2015,354,1082.6999999999998
2015-12-21,27.4,5.6,2.8,4.3,fog,2015,355,1110.1
2015-12-22,4.6,7.8,2.8,5.0,fog,2015,356,1114.6999999999998
2015-12-23,6.1,5.0,2.8,7.6,fog,2015,357,1120.7999999999997
2015-12-24,2.5,5.6,2.2,4.3,fog,2015,358,1123.2999999999997
2015-12-25,5.8,5.0,2.2,1.5,fog,2015,359,1129.0999999999997
2015-12-26,0.0,4.4,0.0,2.5,sun,2015,360,1129.0999999999997
2015-12-27,8.6,4.4,1.7,2.9,fog,2015,361,1137.6999999999996
2015-12-28,1.5,5.0,1.7,1.3,fog,2015,362,1139.1999999999996
2015-12-29,0.0,7.2,0.6,2.6,fog,2015,363,1139.1999999999996
2015-12-30,0.0,5.6,-1.0,3.4,sun,2015,364,1139.1999999999996
2015-12-31,0.0,5.6,-2.1,3.5,sun,2015,365,1139.1999999999996
